local_index,glyph_id_hex,glyph_id_decimal,char,codepoint,source,source_encoding,source_bbx,canonical_text,canonical_glyph_appearance
0,0x0200,512,^,U+005E,M+ Bitmap Font mplus_f12r,Unicode/Latin 94,"6x13+0,-2",yes,no (font-v0 fallback)
1,0x0201,513,Σ,U+03A3,M+ Bitmap Font mplus_j12r,JISX0208 0x2632,"12x13+0,-2",yes,no (font-v0 fallback)
2,0x0202,514,Ω,U+03A9,M+ Bitmap Font mplus_j12r,JISX0208 0x2638,"12x13+0,-2",yes,no (font-v0 fallback)
3,0x0203,515,Ⅱ,U+2161,M+ Bitmap Font mplus_j12r,JISX0208 0x2D36,"12x13+0,-2",yes,no (font-v0 fallback)
4,0x0204,516,∞,U+221E,M+ Bitmap Font mplus_j12r,JISX0208 0x2167,"12x13+0,-2",yes,no (font-v0 fallback)
5,0x0205,517,≪,U+226A,M+ Bitmap Font mplus_j12r,JISX0208 0x2263,"12x13+0,-2",yes,no (font-v0 fallback)
6,0x0206,518,≫,U+226B,M+ Bitmap Font mplus_j12r,JISX0208 0x2264,"12x13+0,-2",yes,no (font-v0 fallback)
7,0x0207,519,々,U+3005,M+ Bitmap Font mplus_j12r,JISX0208 0x2139,"12x13+0,-2",yes,no (font-v0 fallback)
8,0x0208,520,ヴ,U+30F4,M+ Bitmap Font mplus_j12r,JISX0208 0x2574,"12x13+0,-2",yes,no (font-v0 fallback)
9,0x0209,521,・,U+30FB,M+ Bitmap Font mplus_j12r,JISX0208 0x2126,"12x13+0,-2",yes,no (font-v0 fallback)
10,0x020A,522,一,U+4E00,M+ Bitmap Font mplus_j12r,JISX0208 0x306C,"12x13+0,-2",yes,no (font-v0 fallback)
11,0x020B,523,万,U+4E07,M+ Bitmap Font mplus_j12r,JISX0208 0x4B7C,"12x13+0,-2",yes,no (font-v0 fallback)
12,0x020C,524,三,U+4E09,M+ Bitmap Font mplus_j12r,JISX0208 0x3B30,"12x13+0,-2",yes,no (font-v0 fallback)
13,0x020D,525,上,U+4E0A,M+ Bitmap Font mplus_j12r,JISX0208 0x3E65,"12x13+0,-2",yes,no (font-v0 fallback)
14,0x020E,526,下,U+4E0B,M+ Bitmap Font mplus_j12r,JISX0208 0x323C,"12x13+0,-2",yes,no (font-v0 fallback)
15,0x020F,527,世,U+4E16,M+ Bitmap Font mplus_j12r,JISX0208 0x4024,"12x13+0,-2",yes,no (font-v0 fallback)
16,0x0210,528,両,U+4E21,M+ Bitmap Font mplus_j12r,JISX0208 0x4E3E,"12x13+0,-2",yes,no (font-v0 fallback)
17,0x0211,529,丸,U+4E38,M+ Bitmap Font mplus_j12r,JISX0208 0x345D,"12x13+0,-2",yes,no (font-v0 fallback)
18,0x0212,530,之,U+4E4B,M+ Bitmap Font mplus_j12r,JISX0208 0x4737,"12x13+0,-2",yes,no (font-v0 fallback)
19,0x0213,531,乗,U+4E57,M+ Bitmap Font mplus_j12r,JISX0208 0x3E68,"12x13+0,-2",yes,no (font-v0 fallback)
20,0x0214,532,九,U+4E5D,M+ Bitmap Font mplus_j12r,JISX0208 0x3665,"12x13+0,-2",yes,no (font-v0 fallback)
21,0x0215,533,乱,U+4E71,M+ Bitmap Font mplus_j12r,JISX0208 0x4D70,"12x13+0,-2",yes,no (font-v0 fallback)
22,0x0216,534,乾,U+4E7E,M+ Bitmap Font mplus_j12r,JISX0208 0x3425,"12x13+0,-2",yes,no (font-v0 fallback)
23,0x0217,535,二,U+4E8C,M+ Bitmap Font mplus_j12r,JISX0208 0x4673,"12x13+0,-2",yes,no (font-v0 fallback)
24,0x0218,536,亜,U+4E9C,M+ Bitmap Font mplus_j12r,JISX0208 0x3021,"12x13+0,-2",yes,no (font-v0 fallback)
25,0x0219,537,人,U+4EBA,M+ Bitmap Font mplus_j12r,JISX0208 0x3F4D,"12x13+0,-2",yes,no (font-v0 fallback)
26,0x021A,538,付,U+4ED8,M+ Bitmap Font mplus_j12r,JISX0208 0x4955,"12x13+0,-2",yes,no (font-v0 fallback)
27,0x021B,539,仰,U+4EF0,M+ Bitmap Font mplus_j12r,JISX0208 0x3644,"12x13+0,-2",yes,no (font-v0 fallback)
28,0x021C,540,伍,U+4F0D,M+ Bitmap Font mplus_j12r,JISX0208 0x3860,"12x13+0,-2",yes,no (font-v0 fallback)
29,0x021D,541,伐,U+4F10,M+ Bitmap Font mplus_j12r,JISX0208 0x4832,"12x13+0,-2",yes,no (font-v0 fallback)
30,0x021E,542,伝,U+4F1D,M+ Bitmap Font mplus_j12r,JISX0208 0x4541,"12x13+0,-2",yes,no (font-v0 fallback)
31,0x021F,543,伸,U+4F38,M+ Bitmap Font mplus_j12r,JISX0208 0x3F2D,"12x13+0,-2",yes,no (font-v0 fallback)
32,0x0220,544,低,U+4F4E,M+ Bitmap Font mplus_j12r,JISX0208 0x4463,"12x13+0,-2",yes,no (font-v0 fallback)
33,0x0221,545,体,U+4F53,M+ Bitmap Font mplus_j12r,JISX0208 0x424E,"12x13+0,-2",yes,no (font-v0 fallback)
34,0x0222,546,供,U+4F9B,M+ Bitmap Font mplus_j12r,JISX0208 0x3621,"12x13+0,-2",yes,no (font-v0 fallback)
35,0x0223,547,価,U+4FA1,M+ Bitmap Font mplus_j12r,JISX0208 0x3241,"12x13+0,-2",yes,no (font-v0 fallback)
36,0x0224,548,修,U+4FEE,M+ Bitmap Font mplus_j12r,JISX0208 0x3D24,"12x13+0,-2",yes,no (font-v0 fallback)
37,0x0225,549,倒,U+5012,M+ Bitmap Font mplus_j12r,JISX0208 0x455D,"12x13+0,-2",yes,no (font-v0 fallback)
38,0x0226,550,偃,U+5043,M+ Bitmap Font mplus_j12r,JISX0208 0x5070,"12x13+0,-2",yes,no (font-v0 fallback)
39,0x0227,551,儀,U+5100,M+ Bitmap Font mplus_j12r,JISX0208 0x3537,"12x13+0,-2",yes,no (font-v0 fallback)
40,0x0228,552,光,U+5149,M+ Bitmap Font mplus_j12r,JISX0208 0x3877,"12x13+0,-2",yes,no (font-v0 fallback)
41,0x0229,553,免,U+514D,M+ Bitmap Font mplus_j12r,JISX0208 0x4C48,"12x13+0,-2",yes,no (font-v0 fallback)
42,0x022A,554,兎,U+514E,M+ Bitmap Font mplus_j12r,JISX0208 0x4546,"12x13+0,-2",yes,no (font-v0 fallback)
43,0x022B,555,兜,U+515C,M+ Bitmap Font mplus_j12r,JISX0208 0x3375,"12x13+0,-2",yes,no (font-v0 fallback)
44,0x022C,556,入,U+5165,M+ Bitmap Font mplus_j12r,JISX0208 0x467E,"12x13+0,-2",yes,no (font-v0 fallback)
45,0x022D,557,八,U+516B,M+ Bitmap Font mplus_j12r,JISX0208 0x482C,"12x13+0,-2",yes,no (font-v0 fallback)
46,0x022E,558,六,U+516D,M+ Bitmap Font mplus_j12r,JISX0208 0x4F3B,"12x13+0,-2",yes,no (font-v0 fallback)
47,0x022F,559,円,U+5186,M+ Bitmap Font mplus_j12r,JISX0208 0x315F,"12x13+0,-2",yes,no (font-v0 fallback)
48,0x0230,560,冥,U+51A5,M+ Bitmap Font mplus_j12r,JISX0208 0x4C3D,"12x13+0,-2",yes,no (font-v0 fallback)
49,0x0231,561,冰,U+51B0,M+ Bitmap Font mplus_j12r,JISX0208 0x5156,"12x13+0,-2",yes,no (font-v0 fallback)
50,0x0232,562,冲,U+51B2,M+ Bitmap Font mplus_j12r,JISX0208 0x5155,"12x13+0,-2",yes,no (font-v0 fallback)
51,0x0233,563,凍,U+51CD,M+ Bitmap Font mplus_j12r,JISX0208 0x4560,"12x13+0,-2",yes,no (font-v0 fallback)
52,0x0234,564,凶,U+51F6,M+ Bitmap Font mplus_j12r,JISX0208 0x3627,"12x13+0,-2",yes,no (font-v0 fallback)
53,0x0235,565,刀,U+5200,M+ Bitmap Font mplus_j12r,JISX0208 0x4561,"12x13+0,-2",yes,no (font-v0 fallback)
54,0x0236,566,刃,U+5203,M+ Bitmap Font mplus_j12r,JISX0208 0x3F4F,"12x13+0,-2",yes,no (font-v0 fallback)
55,0x0237,567,分,U+5206,M+ Bitmap Font mplus_j12r,JISX0208 0x4A2C,"12x13+0,-2",yes,no (font-v0 fallback)
56,0x0238,568,切,U+5207,M+ Bitmap Font mplus_j12r,JISX0208 0x405A,"12x13+0,-2",yes,no (font-v0 fallback)
57,0x0239,569,初,U+521D,M+ Bitmap Font mplus_j12r,JISX0208 0x3D69,"12x13+0,-2",yes,no (font-v0 fallback)
58,0x023A,570,判,U+5224,M+ Bitmap Font mplus_j12r,JISX0208 0x483D,"12x13+0,-2",yes,no (font-v0 fallback)
59,0x023B,571,利,U+5229,M+ Bitmap Font mplus_j12r,JISX0208 0x4D78,"12x13+0,-2",yes,no (font-v0 fallback)
60,0x023C,572,制,U+5236,M+ Bitmap Font mplus_j12r,JISX0208 0x4029,"12x13+0,-2",yes,no (font-v0 fallback)
61,0x023D,573,刻,U+523B,M+ Bitmap Font mplus_j12r,JISX0208 0x396F,"12x13+0,-2",yes,no (font-v0 fallback)
62,0x023E,574,剛,U+525B,M+ Bitmap Font mplus_j12r,JISX0208 0x3964,"12x13+0,-2",yes,no (font-v0 fallback)
63,0x023F,575,剣,U+5263,M+ Bitmap Font mplus_j12r,JISX0208 0x3775,"12x13+0,-2",yes,no (font-v0 fallback)
64,0x0240,576,割,U+5272,M+ Bitmap Font mplus_j12r,JISX0208 0x3364,"12x13+0,-2",yes,no (font-v0 fallback)
65,0x0241,577,劈,U+5288,M+ Bitmap Font mplus_j12r,JISX0208 0x517C,"12x13+0,-2",yes,no (font-v0 fallback)
66,0x0242,578,劉,U+5289,M+ Bitmap Font mplus_j12r,JISX0208 0x4E2D,"12x13+0,-2",yes,no (font-v0 fallback)
67,0x0243,579,力,U+529B,M+ Bitmap Font mplus_j12r,JISX0208 0x4E4F,"12x13+0,-2",yes,no (font-v0 fallback)
68,0x0244,580,助,U+52A9,M+ Bitmap Font mplus_j12r,JISX0208 0x3D75,"12x13+0,-2",yes,no (font-v0 fallback)
69,0x0245,581,勇,U+52C7,M+ Bitmap Font mplus_j12r,JISX0208 0x4D26,"12x13+0,-2",yes,no (font-v0 fallback)
70,0x0246,582,動,U+52D5,M+ Bitmap Font mplus_j12r,JISX0208 0x4630,"12x13+0,-2",yes,no (font-v0 fallback)
71,0x0247,583,勢,U+52E2,M+ Bitmap Font mplus_j12r,JISX0208 0x402A,"12x13+0,-2",yes,no (font-v0 fallback)
72,0x0248,584,十,U+5341,M+ Bitmap Font mplus_j12r,JISX0208 0x3D3D,"12x13+0,-2",yes,no (font-v0 fallback)
73,0x0249,585,千,U+5343,M+ Bitmap Font mplus_j12r,JISX0208 0x4069,"12x13+0,-2",yes,no (font-v0 fallback)
74,0x024A,586,博,U+535A,M+ Bitmap Font mplus_j12r,JISX0208 0x476E,"12x13+0,-2",yes,no (font-v0 fallback)
75,0x024B,587,原,U+539F,M+ Bitmap Font mplus_j12r,JISX0208 0x3836,"12x13+0,-2",yes,no (font-v0 fallback)
76,0x024C,588,厳,U+53B3,M+ Bitmap Font mplus_j12r,JISX0208 0x3837,"12x13+0,-2",yes,no (font-v0 fallback)
77,0x024D,589,参,U+53C2,M+ Bitmap Font mplus_j12r,JISX0208 0x3B32,"12x13+0,-2",yes,no (font-v0 fallback)
78,0x024E,590,友,U+53CB,M+ Bitmap Font mplus_j12r,JISX0208 0x4D27,"12x13+0,-2",yes,no (font-v0 fallback)
79,0x024F,591,双,U+53CC,M+ Bitmap Font mplus_j12r,JISX0208 0x4150,"12x13+0,-2",yes,no (font-v0 fallback)
80,0x0250,592,叢,U+53E2,M+ Bitmap Font mplus_j12r,JISX0208 0x4151,"12x13+0,-2",yes,no (font-v0 fallback)
81,0x0251,593,叩,U+53E9,M+ Bitmap Font mplus_j12r,JISX0208 0x4321,"12x13+0,-2",yes,no (font-v0 fallback)
82,0x0252,594,召,U+53EC,M+ Bitmap Font mplus_j12r,JISX0208 0x3E24,"12x13+0,-2",yes,no (font-v0 fallback)
83,0x0253,595,叭,U+53ED,M+ Bitmap Font mplus_j12r,JISX0208 0x525C,"12x13+0,-2",yes,no (font-v0 fallback)
84,0x0254,596,台,U+53F0,M+ Bitmap Font mplus_j12r,JISX0208 0x4266,"12x13+0,-2",yes,no (font-v0 fallback)
85,0x0255,597,右,U+53F3,M+ Bitmap Font mplus_j12r,JISX0208 0x3126,"12x13+0,-2",yes,no (font-v0 fallback)
86,0x0256,598,合,U+5408,M+ Bitmap Font mplus_j12r,JISX0208 0x3967,"12x13+0,-2",yes,no (font-v0 fallback)
87,0x0257,599,吐,U+5410,M+ Bitmap Font mplus_j12r,JISX0208 0x4547,"12x13+0,-2",yes,no (font-v0 fallback)
88,0x0258,600,吹,U+5439,M+ Bitmap Font mplus_j12r,JISX0208 0x3F61,"12x13+0,-2",yes,no (font-v0 fallback)
89,0x0259,601,吼,U+543C,M+ Bitmap Font mplus_j12r,JISX0208 0x5263,"12x13+0,-2",yes,no (font-v0 fallback)
90,0x025A,602,呪,U+546A,M+ Bitmap Font mplus_j12r,JISX0208 0x3C76,"12x13+0,-2",yes,no (font-v0 fallback)
91,0x025B,603,呼,U+547C,M+ Bitmap Font mplus_j12r,JISX0208 0x3846,"12x13+0,-2",yes,no (font-v0 fallback)
92,0x025C,604,咆,U+5486,M+ Bitmap Font mplus_j12r,JISX0208 0x5276,"12x13+0,-2",yes,no (font-v0 fallback)
93,0x025D,605,咒,U+5492,M+ Bitmap Font mplus_j12r,JISX0208 0x5270,"12x13+0,-2",yes,no (font-v0 fallback)
94,0x025E,606,咬,U+54AC,M+ Bitmap Font mplus_j12r,JISX0208 0x527B,"12x13+0,-2",yes,no (font-v0 fallback)
95,0x025F,607,哀,U+54C0,M+ Bitmap Font mplus_j12r,JISX0208 0x3025,"12x13+0,-2",yes,no (font-v0 fallback)
96,0x0260,608,哭,U+54ED,M+ Bitmap Font mplus_j12r,JISX0208 0x532D,"12x13+0,-2",yes,no (font-v0 fallback)
97,0x0261,609,哮,U+54EE,M+ Bitmap Font mplus_j12r,JISX0208 0x532C,"12x13+0,-2",yes,no (font-v0 fallback)
98,0x0262,610,唐,U+5510,M+ Bitmap Font mplus_j12r,JISX0208 0x4562,"12x13+0,-2",yes,no (font-v0 fallback)
99,0x0263,611,善,U+5584,M+ Bitmap Font mplus_j12r,JISX0208 0x4131,"12x13+0,-2",yes,no (font-v0 fallback)
100,0x0264,612,喇,U+5587,M+ Bitmap Font mplus_j12r,JISX0208 0x5349,"12x13+0,-2",yes,no (font-v0 fallback)
101,0x0265,613,喪,U+55AA,M+ Bitmap Font mplus_j12r,JISX0208 0x4153,"12x13+0,-2",yes,no (font-v0 fallback)
102,0x0266,614,喰,U+55B0,M+ Bitmap Font mplus_j12r,JISX0208 0x3674,"12x13+0,-2",yes,no (font-v0 fallback)
103,0x0267,615,噛,U+565B,M+ Bitmap Font mplus_j12r,JISX0208 0x337A,"12x13+0,-2",yes,no (font-v0 fallback)
104,0x0268,616,四,U+56DB,M+ Bitmap Font mplus_j12r,JISX0208 0x3B4D,"12x13+0,-2",yes,no (font-v0 fallback)
105,0x0269,617,回,U+56DE,M+ Bitmap Font mplus_j12r,JISX0208 0x3273,"12x13+0,-2",yes,no (font-v0 fallback)
106,0x026A,618,圏,U+570F,M+ Bitmap Font mplus_j12r,JISX0208 0x3777,"12x13+0,-2",yes,no (font-v0 fallback)
107,0x026B,619,土,U+571F,M+ Bitmap Font mplus_j12r,JISX0208 0x455A,"12x13+0,-2",yes,no (font-v0 fallback)
108,0x026C,620,地,U+5730,M+ Bitmap Font mplus_j12r,JISX0208 0x434F,"12x13+0,-2",yes,no (font-v0 fallback)
109,0x026D,621,坤,U+5764,M+ Bitmap Font mplus_j12r,JISX0208 0x3A25,"12x13+0,-2",yes,no (font-v0 fallback)
110,0x026E,622,型,U+578B,M+ Bitmap Font mplus_j12r,JISX0208 0x373F,"12x13+0,-2",yes,no (font-v0 fallback)
111,0x026F,623,堀,U+5800,M+ Bitmap Font mplus_j12r,JISX0208 0x4B59,"12x13+0,-2",yes,no (font-v0 fallback)
112,0x0270,624,堕,U+5815,M+ Bitmap Font mplus_j12r,JISX0208 0x4244,"12x13+0,-2",yes,no (font-v0 fallback)
113,0x0271,625,塵,U+5875,M+ Bitmap Font mplus_j12r,JISX0208 0x3F50,"12x13+0,-2",yes,no (font-v0 fallback)
114,0x0272,626,墜,U+589C,M+ Bitmap Font mplus_j12r,JISX0208 0x4446,"12x13+0,-2",yes,no (font-v0 fallback)
115,0x0273,627,墨,U+58A8,M+ Bitmap Font mplus_j12r,JISX0208 0x4B4F,"12x13+0,-2",yes,no (font-v0 fallback)
116,0x0274,628,壁,U+58C1,M+ Bitmap Font mplus_j12r,JISX0208 0x4A49,"12x13+0,-2",yes,no (font-v0 fallback)
117,0x0275,629,壊,U+58CA,M+ Bitmap Font mplus_j12r,JISX0208 0x3275,"12x13+0,-2",yes,no (font-v0 fallback)
118,0x0276,630,士,U+58EB,M+ Bitmap Font mplus_j12r,JISX0208 0x3B4E,"12x13+0,-2",yes,no (font-v0 fallback)
119,0x0277,631,壱,U+58F1,M+ Bitmap Font mplus_j12r,JISX0208 0x306D,"12x13+0,-2",yes,no (font-v0 fallback)
120,0x0278,632,変,U+5909,M+ Bitmap Font mplus_j12r,JISX0208 0x4A51,"12x13+0,-2",yes,no (font-v0 fallback)
121,0x0279,633,夜,U+591C,M+ Bitmap Font mplus_j12r,JISX0208 0x4C6B,"12x13+0,-2",yes,no (font-v0 fallback)
122,0x027A,634,夢,U+5922,M+ Bitmap Font mplus_j12r,JISX0208 0x4C34,"12x13+0,-2",yes,no (font-v0 fallback)
123,0x027B,635,大,U+5927,M+ Bitmap Font mplus_j12r,JISX0208 0x4267,"12x13+0,-2",yes,no (font-v0 fallback)
124,0x027C,636,天,U+5929,M+ Bitmap Font mplus_j12r,JISX0208 0x4537,"12x13+0,-2",yes,no (font-v0 fallback)
125,0x027D,637,太,U+592A,M+ Bitmap Font mplus_j12r,JISX0208 0x4240,"12x13+0,-2",yes,no (font-v0 fallback)
126,0x027E,638,失,U+5931,M+ Bitmap Font mplus_j12r,JISX0208 0x3C3A,"12x13+0,-2",yes,no (font-v0 fallback)
127,0x027F,639,女,U+5973,M+ Bitmap Font mplus_j12r,JISX0208 0x3D77,"12x13+0,-2",yes,no (font-v0 fallback)
128,0x0280,640,妖,U+5996,M+ Bitmap Font mplus_j12r,JISX0208 0x4D45,"12x13+0,-2",yes,no (font-v0 fallback)
129,0x0281,641,姫,U+59EB,M+ Bitmap Font mplus_j12r,JISX0208 0x4931,"12x13+0,-2",yes,no (font-v0 fallback)
130,0x0282,642,姿,U+59FF,M+ Bitmap Font mplus_j12r,JISX0208 0x3B51,"12x13+0,-2",yes,no (font-v0 fallback)
131,0x0283,643,子,U+5B50,M+ Bitmap Font mplus_j12r,JISX0208 0x3B52,"12x13+0,-2",yes,no (font-v0 fallback)
132,0x0284,644,字,U+5B57,M+ Bitmap Font mplus_j12r,JISX0208 0x3B7A,"12x13+0,-2",yes,no (font-v0 fallback)
133,0x0285,645,孤,U+5B64,M+ Bitmap Font mplus_j12r,JISX0208 0x3849,"12x13+0,-2",yes,no (font-v0 fallback)
134,0x0286,646,宇,U+5B87,M+ Bitmap Font mplus_j12r,JISX0208 0x3127,"12x13+0,-2",yes,no (font-v0 fallback)
135,0x0287,647,守,U+5B88,M+ Bitmap Font mplus_j12r,JISX0208 0x3C69,"12x13+0,-2",yes,no (font-v0 fallback)
136,0x0288,648,定,U+5B9A,M+ Bitmap Font mplus_j12r,JISX0208 0x446A,"12x13+0,-2",yes,no (font-v0 fallback)
137,0x0289,649,対,U+5BFE,M+ Bitmap Font mplus_j12r,JISX0208 0x4250,"12x13+0,-2",yes,no (font-v0 fallback)
138,0x028A,650,封,U+5C01,M+ Bitmap Font mplus_j12r,JISX0208 0x4975,"12x13+0,-2",yes,no (font-v0 fallback)
139,0x028B,651,射,U+5C04,M+ Bitmap Font mplus_j12r,JISX0208 0x3C4D,"12x13+0,-2",yes,no (font-v0 fallback)
140,0x028C,652,尊,U+5C0A,M+ Bitmap Font mplus_j12r,JISX0208 0x423A,"12x13+0,-2",yes,no (font-v0 fallback)
141,0x028D,653,小,U+5C0F,M+ Bitmap Font mplus_j12r,JISX0208 0x3E2E,"12x13+0,-2",yes,no (font-v0 fallback)
142,0x028E,654,尖,U+5C16,M+ Bitmap Font mplus_j12r,JISX0208 0x406D,"12x13+0,-2",yes,no (font-v0 fallback)
143,0x028F,655,居,U+5C45,M+ Bitmap Font mplus_j12r,JISX0208 0x356F,"12x13+0,-2",yes,no (font-v0 fallback)
144,0x0290,656,岩,U+5CA9,M+ Bitmap Font mplus_j12r,JISX0208 0x3464,"12x13+0,-2",yes,no (font-v0 fallback)
145,0x0291,657,崩,U+5D29,M+ Bitmap Font mplus_j12r,JISX0208 0x4A78,"12x13+0,-2",yes,no (font-v0 fallback)
146,0x0292,658,嵐,U+5D50,M+ Bitmap Font mplus_j12r,JISX0208 0x4D72,"12x13+0,-2",yes,no (font-v0 fallback)
147,0x0293,659,巌,U+5DCC,M+ Bitmap Font mplus_j12r,JISX0208 0x3460,"12x13+0,-2",yes,no (font-v0 fallback)
148,0x0294,660,左,U+5DE6,M+ Bitmap Font mplus_j12r,JISX0208 0x3A38,"12x13+0,-2",yes,no (font-v0 fallback)
149,0x0295,661,巨,U+5DE8,M+ Bitmap Font mplus_j12r,JISX0208 0x3570,"12x13+0,-2",yes,no (font-v0 fallback)
150,0x0296,662,巫,U+5DEB,M+ Bitmap Font mplus_j12r,JISX0208 0x5660,"12x13+0,-2",yes,no (font-v0 fallback)
151,0x0297,663,己,U+5DF1,M+ Bitmap Font mplus_j12r,JISX0208 0x384A,"12x13+0,-2",yes,no (font-v0 fallback)
152,0x0298,664,巻,U+5DFB,M+ Bitmap Font mplus_j12r,JISX0208 0x342C,"12x13+0,-2",yes,no (font-v0 fallback)
153,0x0299,665,布,U+5E03,M+ Bitmap Font mplus_j12r,JISX0208 0x495B,"12x13+0,-2",yes,no (font-v0 fallback)
154,0x029A,666,帝,U+5E1D,M+ Bitmap Font mplus_j12r,JISX0208 0x446B,"12x13+0,-2",yes,no (font-v0 fallback)
155,0x029B,667,帯,U+5E2F,M+ Bitmap Font mplus_j12r,JISX0208 0x4253,"12x13+0,-2",yes,no (font-v0 fallback)
156,0x029C,668,幕,U+5E55,M+ Bitmap Font mplus_j12r,JISX0208 0x4B6B,"12x13+0,-2",yes,no (font-v0 fallback)
157,0x029D,669,年,U+5E74,M+ Bitmap Font mplus_j12r,JISX0208 0x472F,"12x13+0,-2",yes,no (font-v0 fallback)
158,0x029E,670,幻,U+5E7B,M+ Bitmap Font mplus_j12r,JISX0208 0x3838,"12x13+0,-2",yes,no (font-v0 fallback)
159,0x029F,671,幽,U+5E7D,M+ Bitmap Font mplus_j12r,JISX0208 0x4D29,"12x13+0,-2",yes,no (font-v0 fallback)
160,0x02A0,672,度,U+5EA6,M+ Bitmap Font mplus_j12r,JISX0208 0x4559,"12x13+0,-2",yes,no (font-v0 fallback)
161,0x02A1,673,建,U+5EFA,M+ Bitmap Font mplus_j12r,JISX0208 0x377A,"12x13+0,-2",yes,no (font-v0 fallback)
162,0x02A2,674,廻,U+5EFB,M+ Bitmap Font mplus_j12r,JISX0208 0x3276,"12x13+0,-2",yes,no (font-v0 fallback)
163,0x02A3,675,弐,U+5F10,M+ Bitmap Font mplus_j12r,JISX0208 0x4675,"12x13+0,-2",yes,no (font-v0 fallback)
164,0x02A4,676,弗,U+5F17,M+ Bitmap Font mplus_j12r,JISX0208 0x4A26,"12x13+0,-2",yes,no (font-v0 fallback)
165,0x02A5,677,張,U+5F35,M+ Bitmap Font mplus_j12r,JISX0208 0x4425,"12x13+0,-2",yes,no (font-v0 fallback)
166,0x02A6,678,強,U+5F37,M+ Bitmap Font mplus_j12r,JISX0208 0x362F,"12x13+0,-2",yes,no (font-v0 fallback)
167,0x02A7,679,弾,U+5F3E,M+ Bitmap Font mplus_j12r,JISX0208 0x4346,"12x13+0,-2",yes,no (font-v0 fallback)
168,0x02A8,680,当,U+5F53,M+ Bitmap Font mplus_j12r,JISX0208 0x4576,"12x13+0,-2",yes,no (font-v0 fallback)
169,0x02A9,681,影,U+5F71,M+ Bitmap Font mplus_j12r,JISX0208 0x3146,"12x13+0,-2",yes,no (font-v0 fallback)
170,0x02AA,682,得,U+5F97,M+ Bitmap Font mplus_j12r,JISX0208 0x4640,"12x13+0,-2",yes,no (font-v0 fallback)
171,0x02AB,683,御,U+5FA1,M+ Bitmap Font mplus_j12r,JISX0208 0x3866,"12x13+0,-2",yes,no (font-v0 fallback)
172,0x02AC,684,復,U+5FA9,M+ Bitmap Font mplus_j12r,JISX0208 0x497C,"12x13+0,-2",yes,no (font-v0 fallback)
173,0x02AD,685,徹,U+5FB9,M+ Bitmap Font mplus_j12r,JISX0208 0x4530,"12x13+0,-2",yes,no (font-v0 fallback)
174,0x02AE,686,心,U+5FC3,M+ Bitmap Font mplus_j12r,JISX0208 0x3F34,"12x13+0,-2",yes,no (font-v0 fallback)
175,0x02AF,687,応,U+5FDC,M+ Bitmap Font mplus_j12r,JISX0208 0x317E,"12x13+0,-2",yes,no (font-v0 fallback)
176,0x02B0,688,念,U+5FF5,M+ Bitmap Font mplus_j12r,JISX0208 0x4730,"12x13+0,-2",yes,no (font-v0 fallback)
177,0x02B1,689,怒,U+6012,M+ Bitmap Font mplus_j12r,JISX0208 0x455C,"12x13+0,-2",yes,no (font-v0 fallback)
178,0x02B2,690,怠,U+6020,M+ Bitmap Font mplus_j12r,JISX0208 0x4255,"12x13+0,-2",yes,no (font-v0 fallback)
179,0x02B3,691,急,U+6025,M+ Bitmap Font mplus_j12r,JISX0208 0x355E,"12x13+0,-2",yes,no (font-v0 fallback)
180,0x02B4,692,性,U+6027,M+ Bitmap Font mplus_j12r,JISX0208 0x402D,"12x13+0,-2",yes,no (font-v0 fallback)
181,0x02B5,693,怨,U+6028,M+ Bitmap Font mplus_j12r,JISX0208 0x3165,"12x13+0,-2",yes,no (font-v0 fallback)
182,0x02B6,694,息,U+606F,M+ Bitmap Font mplus_j12r,JISX0208 0x4229,"12x13+0,-2",yes,no (font-v0 fallback)
183,0x02B7,695,悟,U+609F,M+ Bitmap Font mplus_j12r,JISX0208 0x3867,"12x13+0,-2",yes,no (font-v0 fallback)
184,0x02B8,696,悪,U+60AA,M+ Bitmap Font mplus_j12r,JISX0208 0x302D,"12x13+0,-2",yes,no (font-v0 fallback)
185,0x02B9,697,情,U+60C5,M+ Bitmap Font mplus_j12r,JISX0208 0x3E70,"12x13+0,-2",yes,no (font-v0 fallback)
186,0x02BA,698,愚,U+611A,M+ Bitmap Font mplus_j12r,JISX0208 0x3672,"12x13+0,-2",yes,no (font-v0 fallback)
187,0x02BB,699,愛,U+611B,M+ Bitmap Font mplus_j12r,JISX0208 0x3026,"12x13+0,-2",yes,no (font-v0 fallback)
188,0x02BC,700,成,U+6210,M+ Bitmap Font mplus_j12r,JISX0208 0x402E,"12x13+0,-2",yes,no (font-v0 fallback)
189,0x02BD,701,戒,U+6212,M+ Bitmap Font mplus_j12r,JISX0208 0x327C,"12x13+0,-2",yes,no (font-v0 fallback)
190,0x02BE,702,戟,U+621F,M+ Bitmap Font mplus_j12r,JISX0208 0x3761,"12x13+0,-2",yes,no (font-v0 fallback)
191,0x02BF,703,戦,U+6226,M+ Bitmap Font mplus_j12r,JISX0208 0x406F,"12x13+0,-2",yes,no (font-v0 fallback)
192,0x02C0,704,截,U+622A,M+ Bitmap Font mplus_j12r,JISX0208 0x5923,"12x13+0,-2",yes,no (font-v0 fallback)
193,0x02C1,705,戸,U+6238,M+ Bitmap Font mplus_j12r,JISX0208 0x384D,"12x13+0,-2",yes,no (font-v0 fallback)
194,0x02C2,706,戻,U+623B,M+ Bitmap Font mplus_j12r,JISX0208 0x4C61,"12x13+0,-2",yes,no (font-v0 fallback)
195,0x02C3,707,扇,U+6247,M+ Bitmap Font mplus_j12r,JISX0208 0x4070,"12x13+0,-2",yes,no (font-v0 fallback)
196,0x02C4,708,手,U+624B,M+ Bitmap Font mplus_j12r,JISX0208 0x3C6A,"12x13+0,-2",yes,no (font-v0 fallback)
197,0x02C5,709,打,U+6253,M+ Bitmap Font mplus_j12r,JISX0208 0x4247,"12x13+0,-2",yes,no (font-v0 fallback)
198,0x02C6,710,技,U+6280,M+ Bitmap Font mplus_j12r,JISX0208 0x353B,"12x13+0,-2",yes,no (font-v0 fallback)
199,0x02C7,711,投,U+6295,M+ Bitmap Font mplus_j12r,JISX0208 0x456A,"12x13+0,-2",yes,no (font-v0 fallback)
200,0x02C8,712,抗,U+6297,M+ Bitmap Font mplus_j12r,JISX0208 0x3933,"12x13+0,-2",yes,no (font-v0 fallback)
201,0x02C9,713,招,U+62DB,M+ Bitmap Font mplus_j12r,JISX0208 0x3E37,"12x13+0,-2",yes,no (font-v0 fallback)
202,0x02CA,714,拳,U+62F3,M+ Bitmap Font mplus_j12r,JISX0208 0x377D,"12x13+0,-2",yes,no (font-v0 fallback)
203,0x02CB,715,振,U+632F,M+ Bitmap Font mplus_j12r,JISX0208 0x3F36,"12x13+0,-2",yes,no (font-v0 fallback)
204,0x02CC,716,捨,U+6368,M+ Bitmap Font mplus_j12r,JISX0208 0x3C4E,"12x13+0,-2",yes,no (font-v0 fallback)
205,0x02CD,717,掌,U+638C,M+ Bitmap Font mplus_j12r,JISX0208 0x3E38,"12x13+0,-2",yes,no (font-v0 fallback)
206,0x02CE,718,摧,U+6467,M+ Bitmap Font mplus_j12r,JISX0208 0x5974,"12x13+0,-2",yes,no (font-v0 fallback)
207,0x02CF,719,撃,U+6483,M+ Bitmap Font mplus_j12r,JISX0208 0x3762,"12x13+0,-2",yes,no (font-v0 fallback)
208,0x02D0,720,擬,U+64EC,M+ Bitmap Font mplus_j12r,JISX0208 0x353C,"12x13+0,-2",yes,no (font-v0 fallback)
209,0x02D1,721,改,U+6539,M+ Bitmap Font mplus_j12r,JISX0208 0x327E,"12x13+0,-2",yes,no (font-v0 fallback)
210,0x02D2,722,攻,U+653B,M+ Bitmap Font mplus_j12r,JISX0208 0x3936,"12x13+0,-2",yes,no (font-v0 fallback)
211,0x02D3,723,敗,U+6557,M+ Bitmap Font mplus_j12r,JISX0208 0x4754,"12x13+0,-2",yes,no (font-v0 fallback)
212,0x02D4,724,敢,U+6562,M+ Bitmap Font mplus_j12r,JISX0208 0x343A,"12x13+0,-2",yes,no (font-v0 fallback)
213,0x02D5,725,敵,U+6575,M+ Bitmap Font mplus_j12r,JISX0208 0x4528,"12x13+0,-2",yes,no (font-v0 fallback)
214,0x02D6,726,文,U+6587,M+ Bitmap Font mplus_j12r,JISX0208 0x4A38,"12x13+0,-2",yes,no (font-v0 fallback)
215,0x02D7,727,斉,U+6589,M+ Bitmap Font mplus_j12r,JISX0208 0x4046,"12x13+0,-2",yes,no (font-v0 fallback)
216,0x02D8,728,斗,U+6597,M+ Bitmap Font mplus_j12r,JISX0208 0x454D,"12x13+0,-2",yes,no (font-v0 fallback)
217,0x02D9,729,斧,U+65A7,M+ Bitmap Font mplus_j12r,JISX0208 0x4960,"12x13+0,-2",yes,no (font-v0 fallback)
218,0x02DA,730,斬,U+65AC,M+ Bitmap Font mplus_j12r,JISX0208 0x3B42,"12x13+0,-2",yes,no (font-v0 fallback)
219,0x02DB,731,断,U+65AD,M+ Bitmap Font mplus_j12r,JISX0208 0x4347,"12x13+0,-2",yes,no (font-v0 fallback)
220,0x02DC,732,旋,U+65CB,M+ Bitmap Font mplus_j12r,JISX0208 0x407B,"12x13+0,-2",yes,no (font-v0 fallback)
221,0x02DD,733,日,U+65E5,M+ Bitmap Font mplus_j12r,JISX0208 0x467C,"12x13+0,-2",yes,no (font-v0 fallback)
222,0x02DE,734,昂,U+6602,M+ Bitmap Font mplus_j12r,JISX0208 0x3937,"12x13+0,-2",yes,no (font-v0 fallback)
223,0x02DF,735,昇,U+6607,M+ Bitmap Font mplus_j12r,JISX0208 0x3E3A,"12x13+0,-2",yes,no (font-v0 fallback)
224,0x02E0,736,明,U+660E,M+ Bitmap Font mplus_j12r,JISX0208 0x4C40,"12x13+0,-2",yes,no (font-v0 fallback)
225,0x02E1,737,星,U+661F,M+ Bitmap Font mplus_j12r,JISX0208 0x4031,"12x13+0,-2",yes,no (font-v0 fallback)
226,0x02E2,738,春,U+6625,M+ Bitmap Font mplus_j12r,JISX0208 0x3D55,"12x13+0,-2",yes,no (font-v0 fallback)
227,0x02E3,739,時,U+6642,M+ Bitmap Font mplus_j12r,JISX0208 0x3B7E,"12x13+0,-2",yes,no (font-v0 fallback)
228,0x02E4,740,晦,U+6666,M+ Bitmap Font mplus_j12r,JISX0208 0x3322,"12x13+0,-2",yes,no (font-v0 fallback)
229,0x02E5,741,晴,U+6674,M+ Bitmap Font mplus_j12r,JISX0208 0x4032,"12x13+0,-2",yes,no (font-v0 fallback)
230,0x02E6,742,暁,U+6681,M+ Bitmap Font mplus_j12r,JISX0208 0x3647,"12x13+0,-2",yes,no (font-v0 fallback)
231,0x02E7,743,暗,U+6697,M+ Bitmap Font mplus_j12r,JISX0208 0x3045,"12x13+0,-2",yes,no (font-v0 fallback)
232,0x02E8,744,暴,U+66B4,M+ Bitmap Font mplus_j12r,JISX0208 0x4B3D,"12x13+0,-2",yes,no (font-v0 fallback)
233,0x02E9,745,曲,U+66F2,M+ Bitmap Font mplus_j12r,JISX0208 0x364A,"12x13+0,-2",yes,no (font-v0 fallback)
234,0x02EA,746,曼,U+66FC,M+ Bitmap Font mplus_j12r,JISX0208 0x5258,"12x13+0,-2",yes,no (font-v0 fallback)
235,0x02EB,747,最,U+6700,M+ Bitmap Font mplus_j12r,JISX0208 0x3A47,"12x13+0,-2",yes,no (font-v0 fallback)
236,0x02EC,748,月,U+6708,M+ Bitmap Font mplus_j12r,JISX0208 0x376E,"12x13+0,-2",yes,no (font-v0 fallback)
237,0x02ED,749,期,U+671F,M+ Bitmap Font mplus_j12r,JISX0208 0x347C,"12x13+0,-2",yes,no (font-v0 fallback)
238,0x02EE,750,本,U+672C,M+ Bitmap Font mplus_j12r,JISX0208 0x4B5C,"12x13+0,-2",yes,no (font-v0 fallback)
239,0x02EF,751,札,U+672D,M+ Bitmap Font mplus_j12r,JISX0208 0x3B25,"12x13+0,-2",yes,no (font-v0 fallback)
240,0x02F0,752,杖,U+6756,M+ Bitmap Font mplus_j12r,JISX0208 0x3E73,"12x13+0,-2",yes,no (font-v0 fallback)
241,0x02F1,753,杜,U+675C,M+ Bitmap Font mplus_j12r,JISX0208 0x454E,"12x13+0,-2",yes,no (font-v0 fallback)
242,0x02F2,754,束,U+675F,M+ Bitmap Font mplus_j12r,JISX0208 0x422B,"12x13+0,-2",yes,no (font-v0 fallback)
243,0x02F3,755,条,U+6761,M+ Bitmap Font mplus_j12r,JISX0208 0x3E72,"12x13+0,-2",yes,no (font-v0 fallback)
244,0x02F4,756,来,U+6765,M+ Bitmap Font mplus_j12r,JISX0208 0x4D68,"12x13+0,-2",yes,no (font-v0 fallback)
245,0x02F5,757,枚,U+679A,M+ Bitmap Font mplus_j12r,JISX0208 0x4B67,"12x13+0,-2",yes,no (font-v0 fallback)
246,0x02F6,758,架,U+67B6,M+ Bitmap Font mplus_j12r,JISX0208 0x324D,"12x13+0,-2",yes,no (font-v0 fallback)
247,0x02F7,759,染,U+67D3,M+ Bitmap Font mplus_j12r,JISX0208 0x4077,"12x13+0,-2",yes,no (font-v0 fallback)
248,0x02F8,760,柔,U+67D4,M+ Bitmap Font mplus_j12r,JISX0208 0x3D40,"12x13+0,-2",yes,no (font-v0 fallback)
249,0x02F9,761,桜,U+685C,M+ Bitmap Font mplus_j12r,JISX0208 0x3A79,"12x13+0,-2",yes,no (font-v0 fallback)
250,0x02FA,762,梵,U+68B5,M+ Bitmap Font mplus_j12r,JISX0208 0x5B70,"12x13+0,-2",yes,no (font-v0 fallback)
251,0x02FB,763,棍,U+68CD,M+ Bitmap Font mplus_j12r,JISX0208 0x5B7E,"12x13+0,-2",yes,no (font-v0 fallback)
252,0x02FC,764,棒,U+68D2,M+ Bitmap Font mplus_j12r,JISX0208 0x4B40,"12x13+0,-2",yes,no (font-v0 fallback)
253,0x02FD,765,植,U+690D,M+ Bitmap Font mplus_j12r,JISX0208 0x3F22,"12x13+0,-2",yes,no (font-v0 fallback)
254,0x02FE,766,楔,U+6954,M+ Bitmap Font mplus_j12r,JISX0208 0x5C38,"12x13+0,-2",yes,no (font-v0 fallback)
255,0x02FF,767,業,U+696D,M+ Bitmap Font mplus_j12r,JISX0208 0x3648,"12x13+0,-2",yes,no (font-v0 fallback)
256,0x0300,768,極,U+6975,M+ Bitmap Font mplus_j12r,JISX0208 0x364B,"12x13+0,-2",yes,no (font-v0 fallback)
257,0x0301,769,楽,U+697D,M+ Bitmap Font mplus_j12r,JISX0208 0x335A,"12x13+0,-2",yes,no (font-v0 fallback)
258,0x0302,770,槍,U+69CD,M+ Bitmap Font mplus_j12r,JISX0208 0x4164,"12x13+0,-2",yes,no (font-v0 fallback)
259,0x0303,771,横,U+6A2A,M+ Bitmap Font mplus_j12r,JISX0208 0x3223,"12x13+0,-2",yes,no (font-v0 fallback)
260,0x0304,772,橙,U+6A59,M+ Bitmap Font mplus_j12r,JISX0208 0x5C74,"12x13+0,-2",yes,no (font-v0 fallback)
261,0x0305,773,機,U+6A5F,M+ Bitmap Font mplus_j12r,JISX0208 0x3521,"12x13+0,-2",yes,no (font-v0 fallback)
262,0x0306,774,檮,U+6AAE,M+ Bitmap Font mplus_j12r,JISX0208 0x5B6D,"12x13+0,-2",yes,no (font-v0 fallback)
263,0x0307,775,正,U+6B63,M+ Bitmap Font mplus_j12r,JISX0208 0x4035,"12x13+0,-2",yes,no (font-v0 fallback)
264,0x0308,776,此,U+6B64,M+ Bitmap Font mplus_j12r,JISX0208 0x3A21,"12x13+0,-2",yes,no (font-v0 fallback)
265,0x0309,777,武,U+6B66,M+ Bitmap Font mplus_j12r,JISX0208 0x4970,"12x13+0,-2",yes,no (font-v0 fallback)
266,0x030A,778,殲,U+6BB2,M+ Bitmap Font mplus_j12r,JISX0208 0x5D53,"12x13+0,-2",yes,no (font-v0 fallback)
267,0x030B,779,殺,U+6BBA,M+ Bitmap Font mplus_j12r,JISX0208 0x3B26,"12x13+0,-2",yes,no (font-v0 fallback)
268,0x030C,780,毀,U+6BC0,M+ Bitmap Font mplus_j12r,JISX0208 0x544C,"12x13+0,-2",yes,no (font-v0 fallback)
269,0x030D,781,毒,U+6BD2,M+ Bitmap Font mplus_j12r,JISX0208 0x4647,"12x13+0,-2",yes,no (font-v0 fallback)
270,0x030E,782,毘,U+6BD8,M+ Bitmap Font mplus_j12r,JISX0208 0x487B,"12x13+0,-2",yes,no (font-v0 fallback)
271,0x030F,783,毬,U+6BEC,M+ Bitmap Font mplus_j12r,JISX0208 0x5D5C,"12x13+0,-2",yes,no (font-v0 fallback)
272,0x0310,784,気,U+6C17,M+ Bitmap Font mplus_j12r,JISX0208 0x3524,"12x13+0,-2",yes,no (font-v0 fallback)
273,0x0311,785,水,U+6C34,M+ Bitmap Font mplus_j12r,JISX0208 0x3F65,"12x13+0,-2",yes,no (font-v0 fallback)
274,0x0312,786,氷,U+6C37,M+ Bitmap Font mplus_j12r,JISX0208 0x4939,"12x13+0,-2",yes,no (font-v0 fallback)
275,0x0313,787,永,U+6C38,M+ Bitmap Font mplus_j12r,JISX0208 0x314A,"12x13+0,-2",yes,no (font-v0 fallback)
276,0x0314,788,沌,U+6C8C,M+ Bitmap Font mplus_j12r,JISX0208 0x4659,"12x13+0,-2",yes,no (font-v0 fallback)
277,0x0315,789,沙,U+6C99,M+ Bitmap Font mplus_j12r,JISX0208 0x3A3B,"12x13+0,-2",yes,no (font-v0 fallback)
278,0x0316,790,河,U+6CB3,M+ Bitmap Font mplus_j12r,JISX0208 0x324F,"12x13+0,-2",yes,no (font-v0 fallback)
279,0x0317,791,泉,U+6CC9,M+ Bitmap Font mplus_j12r,JISX0208 0x4074,"12x13+0,-2",yes,no (font-v0 fallback)
280,0x0318,792,法,U+6CD5,M+ Bitmap Font mplus_j12r,JISX0208 0x4B21,"12x13+0,-2",yes,no (font-v0 fallback)
281,0x0319,793,泡,U+6CE1,M+ Bitmap Font mplus_j12r,JISX0208 0x4B22,"12x13+0,-2",yes,no (font-v0 fallback)
282,0x031A,794,波,U+6CE2,M+ Bitmap Font mplus_j12r,JISX0208 0x4748,"12x13+0,-2",yes,no (font-v0 fallback)
283,0x031B,795,泿,U+6CFF,Ark Pixel Font 12px Mono zh_cn,Unicode U+6CFF,"11x11+0,-2",yes,no (font-v0 fallback)
284,0x031C,796,流,U+6D41,M+ Bitmap Font mplus_j12r,JISX0208 0x4E2E,"12x13+0,-2",yes,no (font-v0 fallback)
285,0x031D,797,浄,U+6D44,M+ Bitmap Font mplus_j12r,JISX0208 0x3E74,"12x13+0,-2",yes,no (font-v0 fallback)
286,0x031E,798,浪,U+6D6A,M+ Bitmap Font mplus_j12r,JISX0208 0x4F32,"12x13+0,-2",yes,no (font-v0 fallback)
287,0x031F,799,海,U+6D77,M+ Bitmap Font mplus_j12r,JISX0208 0x3324,"12x13+0,-2",yes,no (font-v0 fallback)
288,0x0320,800,涛,U+6D9B,M+ Bitmap Font mplus_j12r,JISX0208 0x4573,"12x13+0,-2",yes,no (font-v0 fallback)
289,0x0321,801,液,U+6DB2,M+ Bitmap Font mplus_j12r,JISX0208 0x3155,"12x13+0,-2",yes,no (font-v0 fallback)
290,0x0322,802,深,U+6DF1,M+ Bitmap Font mplus_j12r,JISX0208 0x3F3C,"12x13+0,-2",yes,no (font-v0 fallback)
291,0x0323,803,淵,U+6DF5,M+ Bitmap Font mplus_j12r,JISX0208 0x4A25,"12x13+0,-2",yes,no (font-v0 fallback)
292,0x0324,804,清,U+6E05,M+ Bitmap Font mplus_j12r,JISX0208 0x4036,"12x13+0,-2",yes,no (font-v0 fallback)
293,0x0325,805,渦,U+6E26,M+ Bitmap Font mplus_j12r,JISX0208 0x3132,"12x13+0,-2",yes,no (font-v0 fallback)
294,0x0326,806,渾,U+6E3E,M+ Bitmap Font mplus_j12r,JISX0208 0x5E55,"12x13+0,-2",yes,no (font-v0 fallback)
295,0x0327,807,湯,U+6E6F,M+ Bitmap Font mplus_j12r,JISX0208 0x4572,"12x13+0,-2",yes,no (font-v0 fallback)
296,0x0328,808,溶,U+6EB6,M+ Bitmap Font mplus_j12r,JISX0208 0x4D4F,"12x13+0,-2",yes,no (font-v0 fallback)
297,0x0329,809,滄,U+6EC4,M+ Bitmap Font mplus_j12r,JISX0208 0x5E6B,"12x13+0,-2",yes,no (font-v0 fallback)
298,0x032A,810,滅,U+6EC5,M+ Bitmap Font mplus_j12r,JISX0208 0x4C47,"12x13+0,-2",yes,no (font-v0 fallback)
299,0x032B,811,滝,U+6EDD,M+ Bitmap Font mplus_j12r,JISX0208 0x426C,"12x13+0,-2",yes,no (font-v0 fallback)
300,0x032C,812,漢,U+6F22,M+ Bitmap Font mplus_j12r,JISX0208 0x3441,"12x13+0,-2",yes,no (font-v0 fallback)
301,0x032D,813,漸,U+6F38,M+ Bitmap Font mplus_j12r,JISX0208 0x4132,"12x13+0,-2",yes,no (font-v0 fallback)
302,0x032E,814,潮,U+6F6E,M+ Bitmap Font mplus_j12r,JISX0208 0x442C,"12x13+0,-2",yes,no (font-v0 fallback)
303,0x032F,815,激,U+6FC0,M+ Bitmap Font mplus_j12r,JISX0208 0x3763,"12x13+0,-2",yes,no (font-v0 fallback)
304,0x0330,816,濤,U+6FE4,M+ Bitmap Font mplus_j12r,JISX0208 0x5E39,"12x13+0,-2",yes,no (font-v0 fallback)
305,0x0331,817,瀑,U+7011,M+ Bitmap Font mplus_j12r,JISX0208 0x5F46,"12x13+0,-2",yes,no (font-v0 fallback)
306,0x0332,818,瀬,U+702C,M+ Bitmap Font mplus_j12r,JISX0208 0x4025,"12x13+0,-2",yes,no (font-v0 fallback)
307,0x0333,819,火,U+706B,M+ Bitmap Font mplus_j12r,JISX0208 0x3250,"12x13+0,-2",yes,no (font-v0 fallback)
308,0x0334,820,灰,U+7070,M+ Bitmap Font mplus_j12r,JISX0208 0x3325,"12x13+0,-2",yes,no (font-v0 fallback)
309,0x0335,821,灸,U+7078,M+ Bitmap Font mplus_j12r,JISX0208 0x3564,"12x13+0,-2",yes,no (font-v0 fallback)
310,0x0336,822,灼,U+707C,M+ Bitmap Font mplus_j12r,JISX0208 0x3C5E,"12x13+0,-2",yes,no (font-v0 fallback)
311,0x0337,823,災,U+707D,M+ Bitmap Font mplus_j12r,JISX0208 0x3A52,"12x13+0,-2",yes,no (font-v0 fallback)
312,0x0338,824,炎,U+708E,M+ Bitmap Font mplus_j12r,JISX0208 0x316A,"12x13+0,-2",yes,no (font-v0 fallback)
313,0x0339,825,炮,U+70AE,M+ Bitmap Font mplus_j12r,JISX0208 0x5F5C,"12x13+0,-2",yes,no (font-v0 fallback)
314,0x033A,826,炸,U+70B8,M+ Bitmap Font mplus_j12r,JISX0208 0x5F5A,"12x13+0,-2",yes,no (font-v0 fallback)
315,0x033B,827,烈,U+70C8,M+ Bitmap Font mplus_j12r,JISX0208 0x4E75,"12x13+0,-2",yes,no (font-v0 fallback)
316,0x033C,828,烏,U+70CF,M+ Bitmap Font mplus_j12r,JISX0208 0x3128,"12x13+0,-2",yes,no (font-v0 fallback)
317,0x033D,829,焔,U+7114,M+ Bitmap Font mplus_j12r,JISX0208 0x316B,"12x13+0,-2",yes,no (font-v0 fallback)
318,0x033E,830,無,U+7121,M+ Bitmap Font mplus_j12r,JISX0208 0x4C35,"12x13+0,-2",yes,no (font-v0 fallback)
319,0x033F,831,焼,U+713C,M+ Bitmap Font mplus_j12r,JISX0208 0x3E46,"12x13+0,-2",yes,no (font-v0 fallback)
320,0x0340,832,煉,U+7149,M+ Bitmap Font mplus_j12r,JISX0208 0x4E7B,"12x13+0,-2",yes,no (font-v0 fallback)
321,0x0341,833,煌,U+714C,M+ Bitmap Font mplus_j12r,JISX0208 0x5F6A,"12x13+0,-2",yes,no (font-v0 fallback)
322,0x0342,834,照,U+7167,M+ Bitmap Font mplus_j12r,JISX0208 0x3E48,"12x13+0,-2",yes,no (font-v0 fallback)
323,0x0343,835,熊,U+718A,M+ Bitmap Font mplus_j12r,JISX0208 0x3727,"12x13+0,-2",yes,no (font-v0 fallback)
324,0x0344,836,熟,U+719F,M+ Bitmap Font mplus_j12r,JISX0208 0x3D4F,"12x13+0,-2",yes,no (font-v0 fallback)
325,0x0345,837,熱,U+71B1,M+ Bitmap Font mplus_j12r,JISX0208 0x472E,"12x13+0,-2",yes,no (font-v0 fallback)
326,0x0346,838,燐,U+71D0,M+ Bitmap Font mplus_j12r,JISX0208 0x4E55,"12x13+0,-2",yes,no (font-v0 fallback)
327,0x0347,839,燕,U+71D5,M+ Bitmap Font mplus_j12r,JISX0208 0x316D,"12x13+0,-2",yes,no (font-v0 fallback)
328,0x0348,840,爆,U+7206,M+ Bitmap Font mplus_j12r,JISX0208 0x477A,"12x13+0,-2",yes,no (font-v0 fallback)
329,0x0349,841,爪,U+722A,M+ Bitmap Font mplus_j12r,JISX0208 0x445E,"12x13+0,-2",yes,no (font-v0 fallback)
330,0x034A,842,父,U+7236,M+ Bitmap Font mplus_j12r,JISX0208 0x4963,"12x13+0,-2",yes,no (font-v0 fallback)
331,0x034B,843,片,U+7247,M+ Bitmap Font mplus_j12r,JISX0208 0x4A52,"12x13+0,-2",yes,no (font-v0 fallback)
332,0x034C,844,版,U+7248,M+ Bitmap Font mplus_j12r,JISX0208 0x4847,"12x13+0,-2",yes,no (font-v0 fallback)
333,0x034D,845,牙,U+7259,M+ Bitmap Font mplus_j12r,JISX0208 0x3267,"12x13+0,-2",yes,no (font-v0 fallback)
334,0x034E,846,物,U+7269,M+ Bitmap Font mplus_j12r,JISX0208 0x4A2A,"12x13+0,-2",yes,no (font-v0 fallback)
335,0x034F,847,特,U+7279,M+ Bitmap Font mplus_j12r,JISX0208 0x4643,"12x13+0,-2",yes,no (font-v0 fallback)
336,0x0350,848,犬,U+72AC,M+ Bitmap Font mplus_j12r,JISX0208 0x3824,"12x13+0,-2",yes,no (font-v0 fallback)
337,0x0351,849,狐,U+72D0,M+ Bitmap Font mplus_j12r,JISX0208 0x3851,"12x13+0,-2",yes,no (font-v0 fallback)
338,0x0352,850,狛,U+72DB,M+ Bitmap Font mplus_j12r,JISX0208 0x397D,"12x13+0,-2",yes,no (font-v0 fallback)
339,0x0353,851,独,U+72EC,M+ Bitmap Font mplus_j12r,JISX0208 0x4648,"12x13+0,-2",yes,no (font-v0 fallback)
340,0x0354,852,狼,U+72FC,M+ Bitmap Font mplus_j12r,JISX0208 0x4F35,"12x13+0,-2",yes,no (font-v0 fallback)
341,0x0355,853,猛,U+731B,M+ Bitmap Font mplus_j12r,JISX0208 0x4C54,"12x13+0,-2",yes,no (font-v0 fallback)
342,0x0356,854,献,U+732E,M+ Bitmap Font mplus_j12r,JISX0208 0x3825,"12x13+0,-2",yes,no (font-v0 fallback)
343,0x0357,855,猿,U+733F,M+ Bitmap Font mplus_j12r,JISX0208 0x316E,"12x13+0,-2",yes,no (font-v0 fallback)
344,0x0358,856,獄,U+7344,M+ Bitmap Font mplus_j12r,JISX0208 0x3976,"12x13+0,-2",yes,no (font-v0 fallback)
345,0x0359,857,獅,U+7345,M+ Bitmap Font mplus_j12r,JISX0208 0x3B62,"12x13+0,-2",yes,no (font-v0 fallback)
346,0x035A,858,獣,U+7363,M+ Bitmap Font mplus_j12r,JISX0208 0x3D43,"12x13+0,-2",yes,no (font-v0 fallback)
347,0x035B,859,獲,U+7372,M+ Bitmap Font mplus_j12r,JISX0208 0x334D,"12x13+0,-2",yes,no (font-v0 fallback)
348,0x035C,860,玄,U+7384,M+ Bitmap Font mplus_j12r,JISX0208 0x383C,"12x13+0,-2",yes,no (font-v0 fallback)
349,0x035D,861,玉,U+7389,M+ Bitmap Font mplus_j12r,JISX0208 0x364C,"12x13+0,-2",yes,no (font-v0 fallback)
350,0x035E,862,王,U+738B,M+ Bitmap Font mplus_j12r,JISX0208 0x3226,"12x13+0,-2",yes,no (font-v0 fallback)
351,0x035F,863,玲,U+73B2,M+ Bitmap Font mplus_j12r,JISX0208 0x4E68,"12x13+0,-2",yes,no (font-v0 fallback)
352,0x0360,864,玻,U+73BB,M+ Bitmap Font mplus_j12r,JISX0208 0x6060,"12x13+0,-2",yes,no (font-v0 fallback)
353,0x0361,865,珠,U+73E0,M+ Bitmap Font mplus_j12r,JISX0208 0x3C6E,"12x13+0,-2",yes,no (font-v0 fallback)
354,0x0362,866,現,U+73FE,M+ Bitmap Font mplus_j12r,JISX0208 0x383D,"12x13+0,-2",yes,no (font-v0 fallback)
355,0x0363,867,球,U+7403,M+ Bitmap Font mplus_j12r,JISX0208 0x3565,"12x13+0,-2",yes,no (font-v0 fallback)
356,0x0364,868,理,U+7406,M+ Bitmap Font mplus_j12r,JISX0208 0x4D7D,"12x13+0,-2",yes,no (font-v0 fallback)
357,0x0365,869,琉,U+7409,M+ Bitmap Font mplus_j12r,JISX0208 0x4E30,"12x13+0,-2",yes,no (font-v0 fallback)
358,0x0366,870,璃,U+7483,M+ Bitmap Font mplus_j12r,JISX0208 0x4D7E,"12x13+0,-2",yes,no (font-v0 fallback)
359,0x0367,871,瓢,U+74E2,M+ Bitmap Font mplus_j12r,JISX0208 0x493B,"12x13+0,-2",yes,no (font-v0 fallback)
360,0x0368,872,甕,U+7515,M+ Bitmap Font mplus_j12r,JISX0208 0x6131,"12x13+0,-2",yes,no (font-v0 fallback)
361,0x0369,873,生,U+751F,M+ Bitmap Font mplus_j12r,JISX0208 0x4038,"12x13+0,-2",yes,no (font-v0 fallback)
362,0x036A,874,用,U+7528,M+ Bitmap Font mplus_j12r,JISX0208 0x4D51,"12x13+0,-2",yes,no (font-v0 fallback)
363,0x036B,875,甲,U+7532,M+ Bitmap Font mplus_j12r,JISX0208 0x3943,"12x13+0,-2",yes,no (font-v0 fallback)
364,0x036C,876,界,U+754C,M+ Bitmap Font mplus_j12r,JISX0208 0x3326,"12x13+0,-2",yes,no (font-v0 fallback)
365,0x036D,877,疾,U+75BE,M+ Bitmap Font mplus_j12r,JISX0208 0x3C40,"12x13+0,-2",yes,no (font-v0 fallback)
366,0x036E,878,痕,U+75D5,M+ Bitmap Font mplus_j12r,JISX0208 0x3A2F,"12x13+0,-2",yes,no (font-v0 fallback)
367,0x036F,879,癒,U+7652,M+ Bitmap Font mplus_j12r,JISX0208 0x4C7E,"12x13+0,-2",yes,no (font-v0 fallback)
368,0x0370,880,癪,U+766A,M+ Bitmap Font mplus_j12r,JISX0208 0x617B,"12x13+0,-2",yes,no (font-v0 fallback)
369,0x0371,881,白,U+767D,M+ Bitmap Font mplus_j12r,JISX0208 0x4772,"12x13+0,-2",yes,no (font-v0 fallback)
370,0x0372,882,皓,U+7693,M+ Bitmap Font mplus_j12r,JISX0208 0x622B,"12x13+0,-2",yes,no (font-v0 fallback)
371,0x0373,883,相,U+76F8,M+ Bitmap Font mplus_j12r,JISX0208 0x416A,"12x13+0,-2",yes,no (font-v0 fallback)
372,0x0374,884,盾,U+76FE,M+ Bitmap Font mplus_j12r,JISX0208 0x3D62,"12x13+0,-2",yes,no (font-v0 fallback)
373,0x0375,885,眉,U+7709,M+ Bitmap Font mplus_j12r,JISX0208 0x487D,"12x13+0,-2",yes,no (font-v0 fallback)
374,0x0376,886,真,U+771F,M+ Bitmap Font mplus_j12r,JISX0208 0x3F3F,"12x13+0,-2",yes,no (font-v0 fallback)
375,0x0377,887,眼,U+773C,M+ Bitmap Font mplus_j12r,JISX0208 0x3463,"12x13+0,-2",yes,no (font-v0 fallback)
376,0x0378,888,着,U+7740,M+ Bitmap Font mplus_j12r,JISX0208 0x4365,"12x13+0,-2",yes,no (font-v0 fallback)
377,0x0379,889,睛,U+775B,M+ Bitmap Font mplus_j12r,JISX0208 0x624D,"12x13+0,-2",yes,no (font-v0 fallback)
378,0x037A,890,瞬,U+77AC,M+ Bitmap Font mplus_j12r,JISX0208 0x3D56,"12x13+0,-2",yes,no (font-v0 fallback)
379,0x037B,891,瞳,U+77B3,M+ Bitmap Font mplus_j12r,JISX0208 0x4637,"12x13+0,-2",yes,no (font-v0 fallback)
380,0x037C,892,矢,U+77E2,M+ Bitmap Font mplus_j12r,JISX0208 0x4C70,"12x13+0,-2",yes,no (font-v0 fallback)
381,0x037D,893,石,U+77F3,M+ Bitmap Font mplus_j12r,JISX0208 0x4050,"12x13+0,-2",yes,no (font-v0 fallback)
382,0x037E,894,砂,U+7802,M+ Bitmap Font mplus_j12r,JISX0208 0x3A3D,"12x13+0,-2",yes,no (font-v0 fallback)
383,0x037F,895,砍,U+780D,Ark Pixel Font 12px Mono zh_cn,Unicode U+780D,"11x11+0,-2",yes,no (font-v0 fallback)
384,0x0380,896,砕,U+7815,M+ Bitmap Font mplus_j12r,JISX0208 0x3A55,"12x13+0,-2",yes,no (font-v0 fallback)
385,0x0381,897,砲,U+7832,M+ Bitmap Font mplus_j12r,JISX0208 0x4B24,"12x13+0,-2",yes,no (font-v0 fallback)
386,0x0382,898,破,U+7834,M+ Bitmap Font mplus_j12r,JISX0208 0x474B,"12x13+0,-2",yes,no (font-v0 fallback)
387,0x0383,899,碎,U+788E,M+ Bitmap Font mplus_j12r,JISX0208 0x626C,"12x13+0,-2",yes,no (font-v0 fallback)
388,0x0384,900,磨,U+78E8,M+ Bitmap Font mplus_j12r,JISX0208 0x4B61,"12x13+0,-2",yes,no (font-v0 fallback)
389,0x0385,901,礫,U+792B,M+ Bitmap Font mplus_j12r,JISX0208 0x632A,"12x13+0,-2",yes,no (font-v0 fallback)
390,0x0386,902,祓,U+7953,M+ Bitmap Font mplus_j12r,JISX0208 0x6331,"12x13+0,-2",yes,no (font-v0 fallback)
391,0x0387,903,神,U+795E,M+ Bitmap Font mplus_j12r,JISX0208 0x3F40,"12x13+0,-2",yes,no (font-v0 fallback)
392,0x0388,904,禁,U+7981,M+ Bitmap Font mplus_j12r,JISX0208 0x3658,"12x13+0,-2",yes,no (font-v0 fallback)
393,0x0389,905,禍,U+798D,M+ Bitmap Font mplus_j12r,JISX0208 0x3252,"12x13+0,-2",yes,no (font-v0 fallback)
394,0x038A,906,秘,U+79D8,M+ Bitmap Font mplus_j12r,JISX0208 0x486B,"12x13+0,-2",yes,no (font-v0 fallback)
395,0x038B,907,種,U+7A2E,M+ Bitmap Font mplus_j12r,JISX0208 0x3C6F,"12x13+0,-2",yes,no (font-v0 fallback)
396,0x038C,908,穢,U+7A62,M+ Bitmap Font mplus_j12r,JISX0208 0x6352,"12x13+0,-2",yes,no (font-v0 fallback)
397,0x038D,909,究,U+7A76,M+ Bitmap Font mplus_j12r,JISX0208 0x3566,"12x13+0,-2",yes,no (font-v0 fallback)
398,0x038E,910,空,U+7A7A,M+ Bitmap Font mplus_j12r,JISX0208 0x3675,"12x13+0,-2",yes,no (font-v0 fallback)
399,0x038F,911,突,U+7A81,M+ Bitmap Font mplus_j12r,JISX0208 0x464D,"12x13+0,-2",yes,no (font-v0 fallback)
400,0x0390,912,窮,U+7AAE,M+ Bitmap Font mplus_j12r,JISX0208 0x3567,"12x13+0,-2",yes,no (font-v0 fallback)
401,0x0391,913,竜,U+7ADC,M+ Bitmap Font mplus_j12r,JISX0208 0x4E35,"12x13+0,-2",yes,no (font-v0 fallback)
402,0x0392,914,竹,U+7AF9,M+ Bitmap Font mplus_j12r,JISX0208 0x435D,"12x13+0,-2",yes,no (font-v0 fallback)
403,0x0393,915,笠,U+7B20,M+ Bitmap Font mplus_j12r,JISX0208 0x335E,"12x13+0,-2",yes,no (font-v0 fallback)
404,0x0394,916,第,U+7B2C,M+ Bitmap Font mplus_j12r,JISX0208 0x4268,"12x13+0,-2",yes,no (font-v0 fallback)
405,0x0395,917,筆,U+7B46,M+ Bitmap Font mplus_j12r,JISX0208 0x492E,"12x13+0,-2",yes,no (font-v0 fallback)
406,0x0396,918,箪,U+7BAA,M+ Bitmap Font mplus_j12r,JISX0208 0x433D,"12x13+0,-2",yes,no (font-v0 fallback)
407,0x0397,919,籠,U+7C60,M+ Bitmap Font mplus_j12r,JISX0208 0x6446,"12x13+0,-2",yes,no (font-v0 fallback)
408,0x0398,920,粒,U+7C92,M+ Bitmap Font mplus_j12r,JISX0208 0x4E33,"12x13+0,-2",yes,no (font-v0 fallback)
409,0x0399,921,粘,U+7C98,M+ Bitmap Font mplus_j12r,JISX0208 0x4734,"12x13+0,-2",yes,no (font-v0 fallback)
410,0x039A,922,糸,U+7CF8,M+ Bitmap Font mplus_j12r,JISX0208 0x3B65,"12x13+0,-2",yes,no (font-v0 fallback)
411,0x039B,923,紅,U+7D05,M+ Bitmap Font mplus_j12r,JISX0208 0x3948,"12x13+0,-2",yes,no (font-v0 fallback)
412,0x039C,924,紋,U+7D0B,M+ Bitmap Font mplus_j12r,JISX0208 0x4C66,"12x13+0,-2",yes,no (font-v0 fallback)
413,0x039D,925,紐,U+7D10,M+ Bitmap Font mplus_j12r,JISX0208 0x4933,"12x13+0,-2",yes,no (font-v0 fallback)
414,0x039E,926,索,U+7D22,M+ Bitmap Font mplus_j12r,JISX0208 0x3A77,"12x13+0,-2",yes,no (font-v0 fallback)
415,0x039F,927,紫,U+7D2B,M+ Bitmap Font mplus_j12r,JISX0208 0x3B67,"12x13+0,-2",yes,no (font-v0 fallback)
416,0x03A0,928,終,U+7D42,M+ Bitmap Font mplus_j12r,JISX0208 0x3D2A,"12x13+0,-2",yes,no (font-v0 fallback)
417,0x03A1,929,絆,U+7D46,M+ Bitmap Font mplus_j12r,JISX0208 0x652B,"12x13+0,-2",yes,no (font-v0 fallback)
418,0x03A2,930,経,U+7D4C,M+ Bitmap Font mplus_j12r,JISX0208 0x3750,"12x13+0,-2",yes,no (font-v0 fallback)
419,0x03A3,931,結,U+7D50,M+ Bitmap Font mplus_j12r,JISX0208 0x376B,"12x13+0,-2",yes,no (font-v0 fallback)
420,0x03A4,932,絡,U+7D61,M+ Bitmap Font mplus_j12r,JISX0208 0x4D6D,"12x13+0,-2",yes,no (font-v0 fallback)
421,0x03A5,933,絲,U+7D72,M+ Bitmap Font mplus_j12r,JISX0208 0x652F,"12x13+0,-2",yes,no (font-v0 fallback)
422,0x03A6,934,絶,U+7D76,M+ Bitmap Font mplus_j12r,JISX0208 0x4064,"12x13+0,-2",yes,no (font-v0 fallback)
423,0x03A7,935,綱,U+7DB1,M+ Bitmap Font mplus_j12r,JISX0208 0x394B,"12x13+0,-2",yes,no (font-v0 fallback)
424,0x03A8,936,緑,U+7DD1,M+ Bitmap Font mplus_j12r,JISX0208 0x4E50,"12x13+0,-2",yes,no (font-v0 fallback)
425,0x03A9,937,締,U+7DE0,M+ Bitmap Font mplus_j12r,JISX0208 0x4479,"12x13+0,-2",yes,no (font-v0 fallback)
426,0x03AA,938,編,U+7DE8,M+ Bitmap Font mplus_j12r,JISX0208 0x4A54,"12x13+0,-2",yes,no (font-v0 fallback)
427,0x03AB,939,縁,U+7E01,M+ Bitmap Font mplus_j12r,JISX0208 0x316F,"12x13+0,-2",yes,no (font-v0 fallback)
428,0x03AC,940,縛,U+7E1B,M+ Bitmap Font mplus_j12r,JISX0208 0x477B,"12x13+0,-2",yes,no (font-v0 fallback)
429,0x03AD,941,縦,U+7E26,M+ Bitmap Font mplus_j12r,JISX0208 0x3D44,"12x13+0,-2",yes,no (font-v0 fallback)
430,0x03AE,942,縮,U+7E2E,M+ Bitmap Font mplus_j12r,JISX0208 0x3D4C,"12x13+0,-2",yes,no (font-v0 fallback)
431,0x03AF,943,繰,U+7E70,M+ Bitmap Font mplus_j12r,JISX0208 0x372B,"12x13+0,-2",yes,no (font-v0 fallback)
432,0x03B0,944,纏,U+7E8F,M+ Bitmap Font mplus_j12r,JISX0208 0x453B,"12x13+0,-2",yes,no (font-v0 fallback)
433,0x03B1,945,罪,U+7F6A,M+ Bitmap Font mplus_j12r,JISX0208 0x3A61,"12x13+0,-2",yes,no (font-v0 fallback)
434,0x03B2,946,羅,U+7F85,M+ Bitmap Font mplus_j12r,JISX0208 0x4D65,"12x13+0,-2",yes,no (font-v0 fallback)
435,0x03B3,947,羽,U+7FBD,M+ Bitmap Font mplus_j12r,JISX0208 0x3129,"12x13+0,-2",yes,no (font-v0 fallback)
436,0x03B4,948,翔,U+7FD4,M+ Bitmap Font mplus_j12r,JISX0208 0x6646,"12x13+0,-2",yes,no (font-v0 fallback)
437,0x03B5,949,翼,U+7FFC,M+ Bitmap Font mplus_j12r,JISX0208 0x4D63,"12x13+0,-2",yes,no (font-v0 fallback)
438,0x03B6,950,聖,U+8056,M+ Bitmap Font mplus_j12r,JISX0208 0x403B,"12x13+0,-2",yes,no (font-v0 fallback)
439,0x03B7,951,肉,U+8089,M+ Bitmap Font mplus_j12r,JISX0208 0x4679,"12x13+0,-2",yes,no (font-v0 fallback)
440,0x03B8,952,胎,U+80CE,M+ Bitmap Font mplus_j12r,JISX0208 0x425B,"12x13+0,-2",yes,no (font-v0 fallback)
441,0x03B9,953,胡,U+80E1,M+ Bitmap Font mplus_j12r,JISX0208 0x3855,"12x13+0,-2",yes,no (font-v0 fallback)
442,0x03BA,954,腐,U+8150,M+ Bitmap Font mplus_j12r,JISX0208 0x4965,"12x13+0,-2",yes,no (font-v0 fallback)
443,0x03BB,955,臥,U+81E5,M+ Bitmap Font mplus_j12r,JISX0208 0x3269,"12x13+0,-2",yes,no (font-v0 fallback)
444,0x03BC,956,自,U+81EA,M+ Bitmap Font mplus_j12r,JISX0208 0x3C2B,"12x13+0,-2",yes,no (font-v0 fallback)
445,0x03BD,957,舎,U+820E,M+ Bitmap Font mplus_j12r,JISX0208 0x3C4B,"12x13+0,-2",yes,no (font-v0 fallback)
446,0x03BE,958,舞,U+821E,M+ Bitmap Font mplus_j12r,JISX0208 0x4971,"12x13+0,-2",yes,no (font-v0 fallback)
447,0x03BF,959,色,U+8272,M+ Bitmap Font mplus_j12r,JISX0208 0x3F27,"12x13+0,-2",yes,no (font-v0 fallback)
448,0x03C0,960,艶,U+8276,M+ Bitmap Font mplus_j12r,JISX0208 0x3170,"12x13+0,-2",yes,no (font-v0 fallback)
449,0x03C1,961,芯,U+82AF,M+ Bitmap Font mplus_j12r,JISX0208 0x3F44,"12x13+0,-2",yes,no (font-v0 fallback)
450,0x03C2,962,花,U+82B1,M+ Bitmap Font mplus_j12r,JISX0208 0x3256,"12x13+0,-2",yes,no (font-v0 fallback)
451,0x03C3,963,苦,U+82E6,M+ Bitmap Font mplus_j12r,JISX0208 0x366C,"12x13+0,-2",yes,no (font-v0 fallback)
452,0x03C4,964,草,U+8349,M+ Bitmap Font mplus_j12r,JISX0208 0x4170,"12x13+0,-2",yes,no (font-v0 fallback)
453,0x03C5,965,荼,U+837C,M+ Bitmap Font mplus_j12r,JISX0208 0x6838,"12x13+0,-2",yes,no (font-v0 fallback)
454,0x03C6,966,菊,U+83CA,M+ Bitmap Font mplus_j12r,JISX0208 0x3546,"12x13+0,-2",yes,no (font-v0 fallback)
455,0x03C7,967,華,U+83EF,M+ Bitmap Font mplus_j12r,JISX0208 0x325A,"12x13+0,-2",yes,no (font-v0 fallback)
456,0x03C8,968,落,U+843D,M+ Bitmap Font mplus_j12r,JISX0208 0x4D6E,"12x13+0,-2",yes,no (font-v0 fallback)
457,0x03C9,969,葉,U+8449,M+ Bitmap Font mplus_j12r,JISX0208 0x4D55,"12x13+0,-2",yes,no (font-v0 fallback)
458,0x03CA,970,葬,U+846C,M+ Bitmap Font mplus_j12r,JISX0208 0x4172,"12x13+0,-2",yes,no (font-v0 fallback)
459,0x03CB,971,蒼,U+84BC,M+ Bitmap Font mplus_j12r,JISX0208 0x4173,"12x13+0,-2",yes,no (font-v0 fallback)
460,0x03CC,972,蓮,U+84EE,M+ Bitmap Font mplus_j12r,JISX0208 0x4F21,"12x13+0,-2",yes,no (font-v0 fallback)
461,0x03CD,973,蔵,U+8535,M+ Bitmap Font mplus_j12r,JISX0208 0x4222,"12x13+0,-2",yes,no (font-v0 fallback)
462,0x03CE,974,薙,U+8599,M+ Bitmap Font mplus_j12r,JISX0208 0x4665,"12x13+0,-2",yes,no (font-v0 fallback)
463,0x03CF,975,薬,U+85AC,M+ Bitmap Font mplus_j12r,JISX0208 0x4C74,"12x13+0,-2",yes,no (font-v0 fallback)
464,0x03D0,976,藻,U+85FB,M+ Bitmap Font mplus_j12r,JISX0208 0x4174,"12x13+0,-2",yes,no (font-v0 fallback)
465,0x03D1,977,虚,U+865A,M+ Bitmap Font mplus_j12r,JISX0208 0x3575,"12x13+0,-2",yes,no (font-v0 fallback)
466,0x03D2,978,虞,U+865E,M+ Bitmap Font mplus_j12r,JISX0208 0x3673,"12x13+0,-2",yes,no (font-v0 fallback)
467,0x03D3,979,號,U+865F,M+ Bitmap Font mplus_j12r,JISX0208 0x694B,"12x13+0,-2",yes,no (font-v0 fallback)
468,0x03D4,980,蛛,U+86DB,M+ Bitmap Font mplus_j12r,JISX0208 0x6961,"12x13+0,-2",yes,no (font-v0 fallback)
469,0x03D5,981,蛟,U+86DF,M+ Bitmap Font mplus_j12r,JISX0208 0x6960,"12x13+0,-2",yes,no (font-v0 fallback)
470,0x03D6,982,蛾,U+86FE,M+ Bitmap Font mplus_j12r,JISX0208 0x326B,"12x13+0,-2",yes,no (font-v0 fallback)
471,0x03D7,983,蜂,U+8702,M+ Bitmap Font mplus_j12r,JISX0208 0x4B2A,"12x13+0,-2",yes,no (font-v0 fallback)
472,0x03D8,984,蜘,U+8718,M+ Bitmap Font mplus_j12r,JISX0208 0x4358,"12x13+0,-2",yes,no (font-v0 fallback)
473,0x03D9,985,蝶,U+8776,M+ Bitmap Font mplus_j12r,JISX0208 0x4433,"12x13+0,-2",yes,no (font-v0 fallback)
474,0x03DA,986,螺,U+87BA,M+ Bitmap Font mplus_j12r,JISX0208 0x4D66,"12x13+0,-2",yes,no (font-v0 fallback)
475,0x03DB,987,血,U+8840,M+ Bitmap Font mplus_j12r,JISX0208 0x376C,"12x13+0,-2",yes,no (font-v0 fallback)
476,0x03DC,988,術,U+8853,M+ Bitmap Font mplus_j12r,JISX0208 0x3D51,"12x13+0,-2",yes,no (font-v0 fallback)
477,0x03DD,989,衝,U+885D,M+ Bitmap Font mplus_j12r,JISX0208 0x3E57,"12x13+0,-2",yes,no (font-v0 fallback)
478,0x03DE,990,裁,U+88C1,M+ Bitmap Font mplus_j12r,JISX0208 0x3A5B,"12x13+0,-2",yes,no (font-v0 fallback)
479,0x03DF,991,裂,U+88C2,M+ Bitmap Font mplus_j12r,JISX0208 0x4E76,"12x13+0,-2",yes,no (font-v0 fallback)
480,0x03E0,992,装,U+88C5,M+ Bitmap Font mplus_j12r,JISX0208 0x4175,"12x13+0,-2",yes,no (font-v0 fallback)
481,0x03E1,993,裏,U+88CF,M+ Bitmap Font mplus_j12r,JISX0208 0x4E22,"12x13+0,-2",yes,no (font-v0 fallback)
482,0x03E2,994,襲,U+8972,M+ Bitmap Font mplus_j12r,JISX0208 0x3D31,"12x13+0,-2",yes,no (font-v0 fallback)
483,0x03E3,995,覇,U+8987,M+ Bitmap Font mplus_j12r,JISX0208 0x4746,"12x13+0,-2",yes,no (font-v0 fallback)
484,0x03E4,996,覚,U+899A,M+ Bitmap Font mplus_j12r,JISX0208 0x3350,"12x13+0,-2",yes,no (font-v0 fallback)
485,0x03E5,997,親,U+89AA,M+ Bitmap Font mplus_j12r,JISX0208 0x3F46,"12x13+0,-2",yes,no (font-v0 fallback)
486,0x03E6,998,角,U+89D2,M+ Bitmap Font mplus_j12r,JISX0208 0x3351,"12x13+0,-2",yes,no (font-v0 fallback)
487,0x03E7,999,觔,U+89D4,Ark Pixel Font 12px Mono zh_cn,Unicode U+89D4,"11x11+0,-2",yes,no (font-v0 fallback)
488,0x03E8,1000,言,U+8A00,M+ Bitmap Font mplus_j12r,JISX0208 0x3840,"12x13+0,-2",yes,no (font-v0 fallback)
489,0x03E9,1001,評,U+8A55,M+ Bitmap Font mplus_j12r,JISX0208 0x493E,"12x13+0,-2",yes,no (font-v0 fallback)
490,0x03EA,1002,詰,U+8A70,M+ Bitmap Font mplus_j12r,JISX0208 0x354D,"12x13+0,-2",yes,no (font-v0 fallback)
491,0x03EB,1003,誕,U+8A95,M+ Bitmap Font mplus_j12r,JISX0208 0x4342,"12x13+0,-2",yes,no (font-v0 fallback)
492,0x03EC,1004,語,U+8A9E,M+ Bitmap Font mplus_j12r,JISX0208 0x386C,"12x13+0,-2",yes,no (font-v0 fallback)
493,0x03ED,1005,謐,U+8B10,M+ Bitmap Font mplus_j12r,JISX0208 0x6B6D,"12x13+0,-2",yes,no (font-v0 fallback)
494,0x03EE,1006,護,U+8B77,M+ Bitmap Font mplus_j12r,JISX0208 0x386E,"12x13+0,-2",yes,no (font-v0 fallback)
495,0x03EF,1007,豚,U+8C5A,M+ Bitmap Font mplus_j12r,JISX0208 0x465A,"12x13+0,-2",yes,no (font-v0 fallback)
496,0x03F0,1008,象,U+8C61,M+ Bitmap Font mplus_j12r,JISX0208 0x3E5D,"12x13+0,-2",yes,no (font-v0 fallback)
497,0x03F1,1009,豪,U+8C6A,M+ Bitmap Font mplus_j12r,JISX0208 0x396B,"12x13+0,-2",yes,no (font-v0 fallback)
498,0x03F2,1010,貪,U+8CAA,M+ Bitmap Font mplus_j12r,JISX0208 0x6C45,"12x13+0,-2",yes,no (font-v0 fallback)
499,0x03F3,1011,貫,U+8CAB,M+ Bitmap Font mplus_j12r,JISX0208 0x3453,"12x13+0,-2",yes,no (font-v0 fallback)
500,0x03F4,1012,赤,U+8D64,M+ Bitmap Font mplus_j12r,JISX0208 0x4056,"12x13+0,-2",yes,no (font-v0 fallback)
501,0x03F5,1013,超,U+8D85,M+ Bitmap Font mplus_j12r,JISX0208 0x4436,"12x13+0,-2",yes,no (font-v0 fallback)
502,0x03F6,1014,足,U+8DB3,M+ Bitmap Font mplus_j12r,JISX0208 0x422D,"12x13+0,-2",yes,no (font-v0 fallback)
503,0x03F7,1015,路,U+8DEF,M+ Bitmap Font mplus_j12r,JISX0208 0x4F29,"12x13+0,-2",yes,no (font-v0 fallback)
504,0x03F8,1016,踊,U+8E0A,M+ Bitmap Font mplus_j12r,JISX0208 0x4D59,"12x13+0,-2",yes,no (font-v0 fallback)
505,0x03F9,1017,踵,U+8E35,M+ Bitmap Font mplus_j12r,JISX0208 0x6C7B,"12x13+0,-2",yes,no (font-v0 fallback)
506,0x03FA,1018,蹄,U+8E44,M+ Bitmap Font mplus_j12r,JISX0208 0x447D,"12x13+0,-2",yes,no (font-v0 fallback)
507,0x03FB,1019,蹴,U+8E74,M+ Bitmap Font mplus_j12r,JISX0208 0x3D33,"12x13+0,-2",yes,no (font-v0 fallback)
508,0x03FC,1020,身,U+8EAB,M+ Bitmap Font mplus_j12r,JISX0208 0x3F48,"12x13+0,-2",yes,no (font-v0 fallback)
509,0x03FD,1021,車,U+8ECA,M+ Bitmap Font mplus_j12r,JISX0208 0x3C56,"12x13+0,-2",yes,no (font-v0 fallback)
510,0x03FE,1022,軍,U+8ECD,M+ Bitmap Font mplus_j12r,JISX0208 0x3733,"12x13+0,-2",yes,no (font-v0 fallback)
511,0x03FF,1023,転,U+8EE2,M+ Bitmap Font mplus_j12r,JISX0208 0x453E,"12x13+0,-2",yes,no (font-v0 fallback)
512,0x0400,1024,輪,U+8F2A,M+ Bitmap Font mplus_j12r,JISX0208 0x4E58,"12x13+0,-2",yes,no (font-v0 fallback)
513,0x0401,1025,轍,U+8F4D,M+ Bitmap Font mplus_j12r,JISX0208 0x4532,"12x13+0,-2",yes,no (font-v0 fallback)
514,0x0402,1026,轟,U+8F5F,M+ Bitmap Font mplus_j12r,JISX0208 0x396C,"12x13+0,-2",yes,no (font-v0 fallback)
515,0x0403,1027,込,U+8FBC,M+ Bitmap Font mplus_j12r,JISX0208 0x397E,"12x13+0,-2",yes,no (font-v0 fallback)
516,0x0404,1028,迅,U+8FC5,M+ Bitmap Font mplus_j12r,JISX0208 0x3F57,"12x13+0,-2",yes,no (font-v0 fallback)
517,0x0405,1029,迎,U+8FCE,M+ Bitmap Font mplus_j12r,JISX0208 0x375E,"12x13+0,-2",yes,no (font-v0 fallback)
518,0x0406,1030,返,U+8FD4,M+ Bitmap Font mplus_j12r,JISX0208 0x4A56,"12x13+0,-2",yes,no (font-v0 fallback)
519,0x0407,1031,迦,U+8FE6,M+ Bitmap Font mplus_j12r,JISX0208 0x3260,"12x13+0,-2",yes,no (font-v0 fallback)
520,0x0408,1032,逃,U+9003,M+ Bitmap Font mplus_j12r,JISX0208 0x4628,"12x13+0,-2",yes,no (font-v0 fallback)
521,0x0409,1033,逆,U+9006,M+ Bitmap Font mplus_j12r,JISX0208 0x3555,"12x13+0,-2",yes,no (font-v0 fallback)
522,0x040A,1034,速,U+901F,M+ Bitmap Font mplus_j12r,JISX0208 0x422E,"12x13+0,-2",yes,no (font-v0 fallback)
523,0x040B,1035,連,U+9023,M+ Bitmap Font mplus_j12r,JISX0208 0x4F22,"12x13+0,-2",yes,no (font-v0 fallback)
524,0x040C,1036,進,U+9032,M+ Bitmap Font mplus_j12r,JISX0208 0x3F4A,"12x13+0,-2",yes,no (font-v0 fallback)
525,0x040D,1037,逸,U+9038,M+ Bitmap Font mplus_j12r,JISX0208 0x306F,"12x13+0,-2",yes,no (font-v0 fallback)
526,0x040E,1038,遁,U+9041,M+ Bitmap Font mplus_j12r,JISX0208 0x465B,"12x13+0,-2",yes,no (font-v0 fallback)
527,0x040F,1039,遍,U+904D,M+ Bitmap Font mplus_j12r,JISX0208 0x4A57,"12x13+0,-2",yes,no (font-v0 fallback)
528,0x0410,1040,道,U+9053,M+ Bitmap Font mplus_j12r,JISX0208 0x463B,"12x13+0,-2",yes,no (font-v0 fallback)
529,0x0411,1041,達,U+9054,M+ Bitmap Font mplus_j12r,JISX0208 0x4323,"12x13+0,-2",yes,no (font-v0 fallback)
530,0x0412,1042,邪,U+90AA,M+ Bitmap Font mplus_j12r,JISX0208 0x3C59,"12x13+0,-2",yes,no (font-v0 fallback)
531,0x0413,1043,都,U+90FD,M+ Bitmap Font mplus_j12r,JISX0208 0x4554,"12x13+0,-2",yes,no (font-v0 fallback)
532,0x0414,1044,酒,U+9152,M+ Bitmap Font mplus_j12r,JISX0208 0x3C72,"12x13+0,-2",yes,no (font-v0 fallback)
533,0x0415,1045,酸,U+9178,M+ Bitmap Font mplus_j12r,JISX0208 0x3B40,"12x13+0,-2",yes,no (font-v0 fallback)
534,0x0416,1046,醒,U+9192,M+ Bitmap Font mplus_j12r,JISX0208 0x4043,"12x13+0,-2",yes,no (font-v0 fallback)
535,0x0417,1047,重,U+91CD,M+ Bitmap Font mplus_j12r,JISX0208 0x3D45,"12x13+0,-2",yes,no (font-v0 fallback)
536,0x0418,1048,金,U+91D1,M+ Bitmap Font mplus_j12r,JISX0208 0x3662,"12x13+0,-2",yes,no (font-v0 fallback)
537,0x0419,1049,鉄,U+9244,M+ Bitmap Font mplus_j12r,JISX0208 0x4534,"12x13+0,-2",yes,no (font-v0 fallback)
538,0x041A,1050,鉢,U+9262,M+ Bitmap Font mplus_j12r,JISX0208 0x482D,"12x13+0,-2",yes,no (font-v0 fallback)
539,0x041B,1051,銀,U+9280,M+ Bitmap Font mplus_j12r,JISX0208 0x3664,"12x13+0,-2",yes,no (font-v0 fallback)
540,0x041C,1052,銃,U+9283,M+ Bitmap Font mplus_j12r,JISX0208 0x3D46,"12x13+0,-2",yes,no (font-v0 fallback)
541,0x041D,1053,鎧,U+93A7,M+ Bitmap Font mplus_j12r,JISX0208 0x333B,"12x13+0,-2",yes,no (font-v0 fallback)
542,0x041E,1054,鏡,U+93E1,M+ Bitmap Font mplus_j12r,JISX0208 0x3640,"12x13+0,-2",yes,no (font-v0 fallback)
543,0x041F,1055,門,U+9580,M+ Bitmap Font mplus_j12r,JISX0208 0x4C67,"12x13+0,-2",yes,no (font-v0 fallback)
544,0x0420,1056,閃,U+9583,M+ Bitmap Font mplus_j12r,JISX0208 0x412E,"12x13+0,-2",yes,no (font-v0 fallback)
545,0x0421,1057,閻,U+95BB,M+ Bitmap Font mplus_j12r,JISX0208 0x6F65,"12x13+0,-2",yes,no (font-v0 fallback)
546,0x0422,1058,闇,U+95C7,M+ Bitmap Font mplus_j12r,JISX0208 0x3047,"12x13+0,-2",yes,no (font-v0 fallback)
547,0x0423,1059,闘,U+95D8,M+ Bitmap Font mplus_j12r,JISX0208 0x462E,"12x13+0,-2",yes,no (font-v0 fallback)
548,0x0424,1060,阿,U+963F,M+ Bitmap Font mplus_j12r,JISX0208 0x3024,"12x13+0,-2",yes,no (font-v0 fallback)
549,0x0425,1061,降,U+964D,M+ Bitmap Font mplus_j12r,JISX0208 0x395F,"12x13+0,-2",yes,no (font-v0 fallback)
550,0x0426,1062,限,U+9650,M+ Bitmap Font mplus_j12r,JISX0208 0x3842,"12x13+0,-2",yes,no (font-v0 fallback)
551,0x0427,1063,陣,U+9663,M+ Bitmap Font mplus_j12r,JISX0208 0x3F58,"12x13+0,-2",yes,no (font-v0 fallback)
552,0x0428,1064,陰,U+9670,M+ Bitmap Font mplus_j12r,JISX0208 0x3122,"12x13+0,-2",yes,no (font-v0 fallback)
553,0x0429,1065,隠,U+96A0,M+ Bitmap Font mplus_j12r,JISX0208 0x3123,"12x13+0,-2",yes,no (font-v0 fallback)
554,0x042A,1066,雅,U+96C5,M+ Bitmap Font mplus_j12r,JISX0208 0x326D,"12x13+0,-2",yes,no (font-v0 fallback)
555,0x042B,1067,雨,U+96E8,M+ Bitmap Font mplus_j12r,JISX0208 0x312B,"12x13+0,-2",yes,no (font-v0 fallback)
556,0x042C,1068,雪,U+96EA,M+ Bitmap Font mplus_j12r,JISX0208 0x4063,"12x13+0,-2",yes,no (font-v0 fallback)
557,0x042D,1069,雲,U+96F2,M+ Bitmap Font mplus_j12r,JISX0208 0x3140,"12x13+0,-2",yes,no (font-v0 fallback)
558,0x042E,1070,零,U+96F6,M+ Bitmap Font mplus_j12r,JISX0208 0x4E6D,"12x13+0,-2",yes,no (font-v0 fallback)
559,0x042F,1071,雷,U+96F7,M+ Bitmap Font mplus_j12r,JISX0208 0x4D6B,"12x13+0,-2",yes,no (font-v0 fallback)
560,0x0430,1072,電,U+96FB,M+ Bitmap Font mplus_j12r,JISX0208 0x4545,"12x13+0,-2",yes,no (font-v0 fallback)
561,0x0431,1073,霊,U+970A,M+ Bitmap Font mplus_j12r,JISX0208 0x4E6E,"12x13+0,-2",yes,no (font-v0 fallback)
562,0x0432,1074,霞,U+971E,M+ Bitmap Font mplus_j12r,JISX0208 0x3262,"12x13+0,-2",yes,no (font-v0 fallback)
563,0x0433,1075,霧,U+9727,M+ Bitmap Font mplus_j12r,JISX0208 0x4C38,"12x13+0,-2",yes,no (font-v0 fallback)
564,0x0434,1076,青,U+9752,M+ Bitmap Font mplus_j12r,JISX0208 0x4044,"12x13+0,-2",yes,no (font-v0 fallback)
565,0x0435,1077,静,U+9759,M+ Bitmap Font mplus_j12r,JISX0208 0x4045,"12x13+0,-2",yes,no (font-v0 fallback)
566,0x0436,1078,面,U+9762,M+ Bitmap Font mplus_j12r,JISX0208 0x4C4C,"12x13+0,-2",yes,no (font-v0 fallback)
567,0x0437,1079,鞭,U+97AD,M+ Bitmap Font mplus_j12r,JISX0208 0x4A5C,"12x13+0,-2",yes,no (font-v0 fallback)
568,0x0438,1080,音,U+97F3,M+ Bitmap Font mplus_j12r,JISX0208 0x323B,"12x13+0,-2",yes,no (font-v0 fallback)
569,0x0439,1081,響,U+97FF,M+ Bitmap Font mplus_j12r,JISX0208 0x3641,"12x13+0,-2",yes,no (font-v0 fallback)
570,0x043A,1082,頭,U+982D,M+ Bitmap Font mplus_j12r,JISX0208 0x462C,"12x13+0,-2",yes,no (font-v0 fallback)
571,0x043B,1083,顕,U+9855,M+ Bitmap Font mplus_j12r,JISX0208 0x3832,"12x13+0,-2",yes,no (font-v0 fallback)
572,0x043C,1084,風,U+98A8,M+ Bitmap Font mplus_j12r,JISX0208 0x4977,"12x13+0,-2",yes,no (font-v0 fallback)
573,0x043D,1085,颪,U+98AA,M+ Bitmap Font mplus_j12r,JISX0208 0x7124,"12x13+0,-2",yes,no (font-v0 fallback)
574,0x043E,1086,飛,U+98DB,M+ Bitmap Font mplus_j12r,JISX0208 0x4874,"12x13+0,-2",yes,no (font-v0 fallback)
575,0x043F,1087,飢,U+98E2,M+ Bitmap Font mplus_j12r,JISX0208 0x3532,"12x13+0,-2",yes,no (font-v0 fallback)
576,0x0440,1088,飯,U+98EF,M+ Bitmap Font mplus_j12r,JISX0208 0x4853,"12x13+0,-2",yes,no (font-v0 fallback)
577,0x0441,1089,飲,U+98F2,M+ Bitmap Font mplus_j12r,JISX0208 0x307B,"12x13+0,-2",yes,no (font-v0 fallback)
578,0x0442,1090,餓,U+9913,M+ Bitmap Font mplus_j12r,JISX0208 0x326E,"12x13+0,-2",yes,no (font-v0 fallback)
579,0x0443,1091,饕,U+9955,M+ Bitmap Font mplus_j12r,JISX0208 0x7143,"12x13+0,-2",yes,no (font-v0 fallback)
580,0x0444,1092,首,U+9996,M+ Bitmap Font mplus_j12r,JISX0208 0x3C73,"12x13+0,-2",yes,no (font-v0 fallback)
581,0x0445,1093,香,U+9999,M+ Bitmap Font mplus_j12r,JISX0208 0x3961,"12x13+0,-2",yes,no (font-v0 fallback)
582,0x0446,1094,馬,U+99AC,M+ Bitmap Font mplus_j12r,JISX0208 0x474F,"12x13+0,-2",yes,no (font-v0 fallback)
583,0x0447,1095,馳,U+99B3,M+ Bitmap Font mplus_j12r,JISX0208 0x435A,"12x13+0,-2",yes,no (font-v0 fallback)
584,0x0448,1096,駆,U+99C6,M+ Bitmap Font mplus_j12r,JISX0208 0x366E,"12x13+0,-2",yes,no (font-v0 fallback)
585,0x0449,1097,騎,U+9A0E,M+ Bitmap Font mplus_j12r,JISX0208 0x3533,"12x13+0,-2",yes,no (font-v0 fallback)
586,0x044A,1098,骨,U+9AA8,M+ Bitmap Font mplus_j12r,JISX0208 0x397C,"12x13+0,-2",yes,no (font-v0 fallback)
587,0x044B,1099,骸,U+9AB8,M+ Bitmap Font mplus_j12r,JISX0208 0x333C,"12x13+0,-2",yes,no (font-v0 fallback)
588,0x044C,1100,髏,U+9ACF,M+ Bitmap Font mplus_j12r,JISX0208 0x7170,"12x13+0,-2",yes,no (font-v0 fallback)
589,0x044D,1101,髑,U+9AD1,M+ Bitmap Font mplus_j12r,JISX0208 0x7171,"12x13+0,-2",yes,no (font-v0 fallback)
590,0x044E,1102,高,U+9AD8,M+ Bitmap Font mplus_j12r,JISX0208 0x3962,"12x13+0,-2",yes,no (font-v0 fallback)
591,0x044F,1103,髪,U+9AEA,M+ Bitmap Font mplus_j12r,JISX0208 0x4831,"12x13+0,-2",yes,no (font-v0 fallback)
592,0x0450,1104,鬧,U+9B27,M+ Bitmap Font mplus_j12r,JISX0208 0x7229,"12x13+0,-2",yes,no (font-v0 fallback)
593,0x0451,1105,鬼,U+9B3C,M+ Bitmap Font mplus_j12r,JISX0208 0x3534,"12x13+0,-2",yes,no (font-v0 fallback)
594,0x0452,1106,魂,U+9B42,M+ Bitmap Font mplus_j12r,JISX0208 0x3A32,"12x13+0,-2",yes,no (font-v0 fallback)
595,0x0453,1107,魄,U+9B44,M+ Bitmap Font mplus_j12r,JISX0208 0x7230,"12x13+0,-2",yes,no (font-v0 fallback)
596,0x0454,1108,魅,U+9B45,M+ Bitmap Font mplus_j12r,JISX0208 0x4C25,"12x13+0,-2",yes,no (font-v0 fallback)
597,0x0455,1109,魔,U+9B54,M+ Bitmap Font mplus_j12r,JISX0208 0x4B62,"12x13+0,-2",yes,no (font-v0 fallback)
598,0x0456,1110,魚,U+9B5A,M+ Bitmap Font mplus_j12r,JISX0208 0x357B,"12x13+0,-2",yes,no (font-v0 fallback)
599,0x0457,1111,鳥,U+9CE5,M+ Bitmap Font mplus_j12r,JISX0208 0x443B,"12x13+0,-2",yes,no (font-v0 fallback)
600,0x0458,1112,鳴,U+9CF4,M+ Bitmap Font mplus_j12r,JISX0208 0x4C44,"12x13+0,-2",yes,no (font-v0 fallback)
601,0x0459,1113,鷹,U+9DF9,M+ Bitmap Font mplus_j12r,JISX0208 0x426B,"12x13+0,-2",yes,no (font-v0 fallback)
602,0x045A,1114,鹹,U+9E79,M+ Bitmap Font mplus_j12r,JISX0208 0x7344,"12x13+0,-2",yes,no (font-v0 fallback)
603,0x045B,1115,麁,U+9E81,M+ Bitmap Font mplus_j12r,JISX0208 0x7346,"12x13+0,-2",yes,no (font-v0 fallback)
604,0x045C,1116,黄,U+9EC4,M+ Bitmap Font mplus_j12r,JISX0208 0x322B,"12x13+0,-2",yes,no (font-v0 fallback)
605,0x045D,1117,黏,U+9ECF,M+ Bitmap Font mplus_j12r,JISX0208 0x7356,"12x13+0,-2",yes,no (font-v0 fallback)
606,0x045E,1118,黒,U+9ED2,M+ Bitmap Font mplus_j12r,JISX0208 0x3975,"12x13+0,-2",yes,no (font-v0 fallback)
607,0x045F,1119,鼓,U+9F13,M+ Bitmap Font mplus_j12r,JISX0208 0x385D,"12x13+0,-2",yes,no (font-v0 fallback)
608,0x0460,1120,龍,U+9F8D,M+ Bitmap Font mplus_j12r,JISX0208 0x4E36,"12x13+0,-2",yes,no (font-v0 fallback)
609,0x0461,1121,＆,U+FF06,M+ Bitmap Font mplus_j12r,JISX0208 0x2175,"12x13+0,-2",yes,no (font-v0 fallback)
610,0x0462,1122,（,U+FF08,M+ Bitmap Font mplus_j12r,JISX0208 0x214A,"12x13+0,-2",yes,no (font-v0 fallback)
611,0x0463,1123,）,U+FF09,M+ Bitmap Font mplus_j12r,JISX0208 0x214B,"12x13+0,-2",yes,no (font-v0 fallback)
612,0x0464,1124,＋,U+FF0B,M+ Bitmap Font mplus_j12r,JISX0208 0x215C,"12x13+0,-2",yes,no (font-v0 fallback)
613,0x0465,1125,－,U+FF0D,M+ Bitmap Font mplus_j12r,JISX0208 0x215D,"12x13+0,-2",yes,no (font-v0 fallback)
614,0x0466,1126,０,U+FF10,M+ Bitmap Font mplus_j12r,JISX0208 0x2330,"12x13+0,-2",yes,no (font-v0 fallback)
615,0x0467,1127,１,U+FF11,M+ Bitmap Font mplus_j12r,JISX0208 0x2331,"12x13+0,-2",yes,no (font-v0 fallback)
616,0x0468,1128,２,U+FF12,M+ Bitmap Font mplus_j12r,JISX0208 0x2332,"12x13+0,-2",yes,no (font-v0 fallback)
617,0x0469,1129,３,U+FF13,M+ Bitmap Font mplus_j12r,JISX0208 0x2333,"12x13+0,-2",yes,no (font-v0 fallback)
618,0x046A,1130,６,U+FF16,M+ Bitmap Font mplus_j12r,JISX0208 0x2336,"12x13+0,-2",yes,no (font-v0 fallback)
619,0x046B,1131,７,U+FF17,M+ Bitmap Font mplus_j12r,JISX0208 0x2337,"12x13+0,-2",yes,no (font-v0 fallback)
620,0x046C,1132,８,U+FF18,M+ Bitmap Font mplus_j12r,JISX0208 0x2338,"12x13+0,-2",yes,no (font-v0 fallback)
621,0x046D,1133,９,U+FF19,M+ Bitmap Font mplus_j12r,JISX0208 0x2339,"12x13+0,-2",yes,no (font-v0 fallback)
622,0x046E,1134,：,U+FF1A,M+ Bitmap Font mplus_j12r,JISX0208 0x2127,"12x13+0,-2",yes,no (font-v0 fallback)
623,0x046F,1135,＝,U+FF1D,M+ Bitmap Font mplus_j12r,JISX0208 0x2161,"12x13+0,-2",yes,no (font-v0 fallback)
624,0x0470,1136,Ｂ,U+FF22,M+ Bitmap Font mplus_j12r,JISX0208 0x2342,"12x13+0,-2",yes,no (font-v0 fallback)
625,0x0471,1137,Ｃ,U+FF23,M+ Bitmap Font mplus_j12r,JISX0208 0x2343,"12x13+0,-2",yes,no (font-v0 fallback)
626,0x0472,1138,Ｄ,U+FF24,M+ Bitmap Font mplus_j12r,JISX0208 0x2344,"12x13+0,-2",yes,no (font-v0 fallback)
627,0x0473,1139,Ｅ,U+FF25,M+ Bitmap Font mplus_j12r,JISX0208 0x2345,"12x13+0,-2",yes,no (font-v0 fallback)
628,0x0474,1140,Ｇ,U+FF27,M+ Bitmap Font mplus_j12r,JISX0208 0x2347,"12x13+0,-2",yes,no (font-v0 fallback)
629,0x0475,1141,Ｊ,U+FF2A,M+ Bitmap Font mplus_j12r,JISX0208 0x234A,"12x13+0,-2",yes,no (font-v0 fallback)
630,0x0476,1142,Ｌ,U+FF2C,M+ Bitmap Font mplus_j12r,JISX0208 0x234C,"12x13+0,-2",yes,no (font-v0 fallback)
631,0x0477,1143,Ｍ,U+FF2D,M+ Bitmap Font mplus_j12r,JISX0208 0x234D,"12x13+0,-2",yes,no (font-v0 fallback)
632,0x0478,1144,Ｏ,U+FF2F,M+ Bitmap Font mplus_j12r,JISX0208 0x234F,"12x13+0,-2",yes,no (font-v0 fallback)
633,0x0479,1145,Ｒ,U+FF32,M+ Bitmap Font mplus_j12r,JISX0208 0x2352,"12x13+0,-2",yes,no (font-v0 fallback)
634,0x047A,1146,Ｕ,U+FF35,M+ Bitmap Font mplus_j12r,JISX0208 0x2355,"12x13+0,-2",yes,no (font-v0 fallback)
635,0x047B,1147,Ｖ,U+FF36,M+ Bitmap Font mplus_j12r,JISX0208 0x2356,"12x13+0,-2",yes,no (font-v0 fallback)
636,0x047C,1148,Ｘ,U+FF38,M+ Bitmap Font mplus_j12r,JISX0208 0x2358,"12x13+0,-2",yes,no (font-v0 fallback)
637,0x047D,1149,Ｙ,U+FF39,M+ Bitmap Font mplus_j12r,JISX0208 0x2359,"12x13+0,-2",yes,no (font-v0 fallback)
638,0x047E,1150,Ｚ,U+FF3A,M+ Bitmap Font mplus_j12r,JISX0208 0x235A,"12x13+0,-2",yes,no (font-v0 fallback)
639,0x047F,1151,＿,U+FF3F,M+ Bitmap Font mplus_j12r,JISX0208 0x2132,"12x13+0,-2",yes,no (font-v0 fallback)
640,0x0480,1152,～,U+FF5E,M+ Bitmap Font mplus_j12r,JISX0208 0x2141,"12x13+0,-2",yes,no (font-v0 fallback)
641,0x0481,1153,￥,U+FFE5,M+ Bitmap Font mplus_j12r,JISX0208 0x216F,"12x13+0,-2",yes,no (font-v0 fallback)
