id,name_ja,move_index,move_ja,move_ko,move_en,move_zh_hans,move_zh_hant,url_ja
1,ガッチモン,1,ディープサーチ,디프 서치,Deep Search,深度搜索,深度搜索,https://digimon.net/appmon/detail.php?id=1
1,ガッチモン,2,ガッチクロー,서치 클로,Matching Claw,盖奇爪,蓋奇銳爪,https://digimon.net/appmon/detail.php?id=1
2,コールモン,1,コネクトライン,커넥트 라인,Connection Line,牵线搭桥,連線攻擊,https://digimon.net/appmon/detail.php?id=2
2,コールモン,2,ノイジーコーリング,노이지 콜링,Annoying Call,骚扰寻呼,喧鬧呼叫,https://digimon.net/appmon/detail.php?id=2
3,メールモン,1,メールダーツ,메일 다트,Mail Darts,电邮飞镖,郵件飛鏢,https://digimon.net/appmon/detail.php?id=3
3,メールモン,2,トラブルポスト,트러블 포스트,Trouble Post,捣蛋邮件,麻煩信件,https://digimon.net/appmon/detail.php?id=3
4,ツブモン,1,ツイボム,트위 봄,Social Bomb,发文炸弹,發文炸彈,https://digimon.net/appmon/detail.php?id=4
4,ツブモン,2,イイネラッシュ,좋아요 러시,Thumb Rush,轰炸式连赞,點讚突進,https://digimon.net/appmon/detail.php?id=4
5,ゲンゴーモン,1,バベルシャベル,바벨 샤베루,Babble Gabble,巴别演讲,巴別塔語言,https://digimon.net/appmon/detail.php?id=5
5,ゲンゴーモン,2,バベルダマル,바벨 다마루,Babble Stop,巴别沉默,沉默巴別塔,https://digimon.net/appmon/detail.php?id=5
6,アドモン,1,アドリサーチ,어드 리서치,Search Address,搜索联系人,通訊錄搜索,https://digimon.net/appmon/detail.php?id=6
6,アドモン,2,アドデリート,어드 딜리트,Delete Address,删除联系人,通訊錄刪除,https://digimon.net/appmon/detail.php?id=6
7,レビューモン,1,ポストレビュー,포스트 리뷰,Bold Review,前瞻点评,事後評定,https://digimon.net/appmon/detail.php?id=7
7,レビューモン,2,最悪の評価,최악의 평가,Zero out of Ten,扎心大差评,最低評價,https://digimon.net/appmon/detail.php?id=7
8,セットモン,1,クイックセットアップ,퀵 셋업,Quick Setup,快速设置,快速設定,https://digimon.net/appmon/detail.php?id=8
8,セットモン,2,ピーキーセッティング,피키 세팅,Peaky Settings,极限详细设置,衰弱設定,https://digimon.net/appmon/detail.php?id=8
9,メッセモン,1,メッセストリームアタック,메시 스트림 어택,Message Flood,短信风暴,訊息奔流攻擊,https://digimon.net/appmon/detail.php?id=9
9,メッセモン,2,コトダマレイン,고토다마 레인,Word Rain,言灵之雨,言靈之雨,https://digimon.net/appmon/detail.php?id=9
10,コソモン,1,イドバタペーパー,이도바타 페이퍼,Chatter Paper,嚼舌根问卷,閒話投書,https://digimon.net/appmon/detail.php?id=10
10,コソモン,2,コッソリワーク,소곤소곤 워크,Stealth Work,暗中行事,黑箱操作,https://digimon.net/appmon/detail.php?id=10
11,ロケットモン,1,ロケットバースト,로켓 버스트,Rocket Burst,火箭爆发,火箭爆裂,https://digimon.net/appmon/detail.php?id=11
11,ロケットモン,2,オーバードブースト,오버드 부스트,Overboost,超限加速,超載噴射,https://digimon.net/appmon/detail.php?id=11
12,ナビモン,1,ナビゲーションアロー,내비게이션 애로,Navi-Arrow,制导箭,導航箭頭,https://digimon.net/appmon/detail.php?id=12
12,ナビモン,2,ショックアタックマーカー,쇼크 어택 마커,Marker Attack,冲击目标锁定,震撼攻擊標記,https://digimon.net/appmon/detail.php?id=12
13,ジェットモン,1,ホーミングインパクト,호밍 임팩트,Homing Impact,追踪冲击,歸航衝擊,https://digimon.net/appmon/detail.php?id=13
13,ジェットモン,2,ラプターウィング,랩터 윙,Raptor Wing,迅鹰飞翼,猛禽之翼,https://digimon.net/appmon/detail.php?id=13
14,レッシャモン,1,スイッチングレール,스위칭 레일,Rail Switch,轨道转换,切換軌道,https://digimon.net/appmon/detail.php?id=14
14,レッシャモン,2,トレイルスラム,트레일 슬램,Track Slam,追尾猛击,徑路撞擊,https://digimon.net/appmon/detail.php?id=14
15,ウェザーモン,1,プチプチウェザー,톡톡 웨더,Bubbly Weather,晴朗好天气,雷雲蓄勢,https://digimon.net/appmon/detail.php?id=15
15,ウェザーモン,2,グズグズウェザー,꾸물꾸물 웨더,Grumbly Weather,阴郁坏天气,陰晴不定,https://digimon.net/appmon/detail.php?id=15
16,コンパスモン,1,ぐるぐるパニック,빙글빙글 패닉,Turning Panic,疯狂转圈圈,暈頭轉向大恐慌,https://digimon.net/appmon/detail.php?id=16
16,コンパスモン,2,スピンディフレクション,스핀 디플렉션,Spin Deflection,旋转偏移,旋轉偏差,https://digimon.net/appmon/detail.php?id=16
17,ヤドモン,1,グランドオープン！,그랜드 오픈!,Grand Opening,盛大开业！,盛大開幕！,https://digimon.net/appmon/detail.php?id=17
17,ヤドモン,2,スケアリーサービス,스케어리 서비스,Scary Service,惊吓服务,恐怖服務,https://digimon.net/appmon/detail.php?id=17
18,ニュースモン,1,ゴーガイニュース,호외 뉴스,Breaking News,号外新闻,號外新聞,https://digimon.net/appmon/detail.php?id=18
18,ニュースモン,2,ショーゲキニュース,충격 뉴스,Shocking News,重磅新闻,衝擊新聞,https://digimon.net/appmon/detail.php?id=18
19,チュートモン,1,フィンガーポインター,핑거 포인터,Finger Pointer,手指激光笔,指指點點,https://digimon.net/appmon/detail.php?id=19
19,チュートモン,2,チュートリアライズ,튜토리어라이즈,Tutorialize,教程化,啟動教學,https://digimon.net/appmon/detail.php?id=19
20,エムシーモン,1,ソウルシャウト,소울 샤우트,Soul Shout,灵魂喊麦,靈魂吶喊,https://digimon.net/appmon/detail.php?id=20
20,エムシーモン,2,ジッキョークライシス,실황 크라이시스,Let's Play,直播危机,實況危機,https://digimon.net/appmon/detail.php?id=20
21,キャメラモン,1,キリングシャッター,킬링 셔터,Killing Shutter,致命快门,殺戮快門,https://digimon.net/appmon/detail.php?id=21
21,キャメラモン,2,スパイフォーカス,스파이 포커스,Spy Focus,隐秘聚焦,間諜焦距,https://digimon.net/appmon/detail.php?id=21
22,レコモン,1,アブソープインタビュー,앱솔브 인터뷰,Absorbing Interview,鲸吞式采访,吸收採訪,https://digimon.net/appmon/detail.php?id=22
22,レコモン,2,スラックマイク,슬랙 마이크,Slack Mic,松弛麦克风,鬆弛麥克風,https://digimon.net/appmon/detail.php?id=22
23,カリキュモン,1,カウントレーザー,카운트 레이저,Counting Laser,计数激光,計算雷射,https://digimon.net/appmon/detail.php?id=23
23,カリキュモン,2,ディバイドアーム,디바이드 암,Division Arm,分割铁臂,手臂分離,https://digimon.net/appmon/detail.php?id=23
24,ゴミモン,1,ダストハント,더스트 헌트,Dust Hunt,尘埃掌,灰塵狩獵,https://digimon.net/appmon/detail.php?id=24
24,ゴミモン,2,トラッシュボム,트래쉬 봄,Trash Bomb,废物炸弹,垃圾炸彈,https://digimon.net/appmon/detail.php?id=24
25,ミラーモン,1,キャプチャーミラー,캡처 미러,Image Capture,截取镜,俘虜之鏡,https://digimon.net/appmon/detail.php?id=25
25,ミラーモン,2,ミラーズリベンジ,미러스 리벤지,Mirror's Revenge,魔镜复仇,復仇之鏡,https://digimon.net/appmon/detail.php?id=25
26,ライトモン,1,ブラインドフラッシュ,블라인드 플래시,Blinding Flash,致盲爆闪,盲目一閃,https://digimon.net/appmon/detail.php?id=26
26,ライトモン,2,シャイニングボディ,샤이닝 보디,Shining Body,圣光神躯,閃光之軀,https://digimon.net/appmon/detail.php?id=26
27,ウォッチモン,1,アラームホールド,알람 홀드,Alarm Hold,闹铃暂停,持續鬧鈴,https://digimon.net/appmon/detail.php?id=27
27,ウォッチモン,2,ミニッツスピアー,미닛 스피어,Minute Spear,分针长枪,分秒之矛,https://digimon.net/appmon/detail.php?id=27
28,ダイアリモン,1,オペレートログ,오퍼레이트 로그,Operation Log,操作记录,操作紀錄,https://digimon.net/appmon/detail.php?id=28
28,ダイアリモン,2,ロストダイアリー,로스트 다이어리,Lost Diary,失落日志,日記遺失,https://digimon.net/appmon/detail.php?id=28
29,カレンダモン,1,スティールプラン,스틸 플랜,Steal Plan,偷窃计划,盜取計畫,https://digimon.net/appmon/detail.php?id=29
29,カレンダモン,2,ミスティックホリデー,미스틱 홀리데이,Mystic Holiday,神秘假日,神秘假日,https://digimon.net/appmon/detail.php?id=29
30,オンパモン,1,ウェーブアタック,웨이브 어택,Wave Attack,声波攻击,聲波攻擊,https://digimon.net/appmon/detail.php?id=30
30,オンパモン,2,イージーソナー,이지 소나,Easy Sonar,简易声纳,簡易聲納,https://digimon.net/appmon/detail.php?id=30
31,ジャミングモン,1,ジャムジャムペイン,잼 잼 페인,Jamming Pain,痛痛干扰,干擾波痛,https://digimon.net/appmon/detail.php?id=31
31,ジャミングモン,2,スプリーシグナル,스프리 시그널,Spree of Signals,疯闹信号,狂歡信號,https://digimon.net/appmon/detail.php?id=31
32,プロテクモン,1,フレイムウォール,프레임 월,Flame Wall,防焰墙,烈火炎壁,https://digimon.net/appmon/detail.php?id=32
32,プロテクモン,2,オールマイティガード,올마이티 가드,Almighty Guard,全能护盾,全力防守,https://digimon.net/appmon/detail.php?id=32
33,ハックモン,1,ヴァンキッシュクロー,뱅퀴시 클로,Power Claw,征服利爪,征服之爪,https://digimon.net/appmon/detail.php?id=33
33,ハックモン,2,ストレンジハック,스트레인지 핵,Sneaky Hack,异常入侵,陌生侵襲,https://digimon.net/appmon/detail.php?id=33
34,バッテリモン,1,エレクトリックチャージ,일렉트릭 차지,Electric Charge,充电蓄能,電力儲值,https://digimon.net/appmon/detail.php?id=34
34,バッテリモン,2,クラップスパーク,클랩 스파크,Clap Spark,噼啪电光,擊掌火花,https://digimon.net/appmon/detail.php?id=34
35,ペコモン,1,ペコペコハンマー,페코페코 해머,Hammer Squeeze,扁扁敲击,扁扁壓槌,https://digimon.net/appmon/detail.php?id=35
35,ペコモン,2,ペコスマッシュ,페코 스매시,Hammer Smash,暴力压缩,搗碎壓擊,https://digimon.net/appmon/detail.php?id=35
36,ポコモン,1,ポコポコブロウ,포코포코 블로우,Air Blow,鼓鼓吹气,砰砰吹息,https://digimon.net/appmon/detail.php?id=36
36,ポコモン,2,ポコメルタ,포코 멜터,Power Melter,热力解压,砰然溶解者,https://digimon.net/appmon/detail.php?id=36
37,コピペモン,1,コピー＆ペースト,복사&붙여넣기,Copy-Paste,复制&粘贴,複製＆貼上,https://digimon.net/appmon/detail.php?id=37
37,コピペモン,2,チープイミテーション,칩 이미테이션,Cheap Imitation,廉价仿制,廉價仿製,https://digimon.net/appmon/detail.php?id=37
38,セーブモン,1,セービングバブル,세이빙 버블,Saving Bubble,保存气泡,存檔泡泡,https://digimon.net/appmon/detail.php?id=38
38,セーブモン,2,スプリットメモリー,스플릿 메모리,Split Memory,分割储存,記憶分裂,https://digimon.net/appmon/detail.php?id=38
39,カベモン,1,リアルプロジェクション,리얼 프로젝션,Real Projection,全真投射,真實投影,https://digimon.net/appmon/detail.php?id=39
39,カベモン,2,リカバリーウォール,리커버리 월,Recovery Wall,复原壁,恢復之牆,https://digimon.net/appmon/detail.php?id=39
40,エコモン,1,エコロジーグラウンド,이콜로지 그라운드,Ecology Ground,绿色力场,環保競技場,https://digimon.net/appmon/detail.php?id=40
40,エコモン,2,バッテリドレイン,배터리 드레인,Battery Drain,电量吸收,電池放電,https://digimon.net/appmon/detail.php?id=40
41,ピーポモン,1,スパイドロイド,스파이 드로이드,Spy Droid,间谍机器人,密探機器人,https://digimon.net/appmon/detail.php?id=41
41,ピーポモン,2,パニックセントリー,패닉 센트리,Panic Sentry,动乱警卫兵,恐慌哨兵,https://digimon.net/appmon/detail.php?id=41
42,デンパモン,1,シークサークル,시크 서클,Radar Circle,搜索圈,搜索圈,https://digimon.net/appmon/detail.php?id=42
42,デンパモン,2,クリーンシグナル,클린 시그널,Screen Signal,净化信号,乾淨信號,https://digimon.net/appmon/detail.php?id=42
43,オンモン,1,スイッチスパーク,스위치 스파크,Spark Switch,兴奋开关,開關火花,https://digimon.net/appmon/detail.php?id=43
43,オンモン,2,ツナゲルリンク,커넥팅 링크,Energy Link,连结链接,連線相接,https://digimon.net/appmon/detail.php?id=43
44,オフモン,1,スイッチレイジー,스위치 레이지,Lazy Switch,慵懒开关,懶惰開關,https://digimon.net/appmon/detail.php?id=44
44,オフモン,2,タチキルリンク,디스커넥팅 링크,Idle Link,切断链接,切斷連線,https://digimon.net/appmon/detail.php?id=44
45,ドカモン,1,ドカドカラッシュ,우르르 러시,Wild Rush,多卡多卡冲刺,多卡多卡連擊,https://digimon.net/appmon/detail.php?id=45
45,ドカモン,2,ドッカンパンチ,쾅 펀치,Savage Punch,炸裂飞拳,砰擊拳頭,https://digimon.net/appmon/detail.php?id=45
46,ショットモン,1,デッドショット,데드 샷,Dead Shot,死亡射击,死亡射擊,https://digimon.net/appmon/detail.php?id=46
46,ショットモン,2,プレッシャーリボルヴ,프레셔 리볼브,Revolving Pressure,威慑性上弹,螺旋加壓,https://digimon.net/appmon/detail.php?id=46
47,カードモン,1,ドローフェイズ,드로 페이즈,Drawing Phase,抽牌,抽卡階段,https://digimon.net/appmon/detail.php?id=47
47,カードモン,2,ブランクカード,블랭크 카드,Blank Card,空白卡牌,空白卡牌,https://digimon.net/appmon/detail.php?id=47
48,ロープレモン,1,ホーリーソード,홀리 소드,Holy Sword,圣光剑,聖劍攻擊,https://digimon.net/appmon/detail.php?id=48
48,ロープレモン,2,ブレイブシールド,브레이브 쉴드,Radiant Shield,勇气盾,勇氣之盾,https://digimon.net/appmon/detail.php?id=48
49,パズルモン,1,ポッピンスリー,팝핀 쓰리,Popping Trio,跃动三人组,三連彈砰,https://digimon.net/appmon/detail.php?id=49
49,パズルモン,2,エレメントミックス,엘리먼트 믹스,Element Mix,元素混合,元素混合,https://digimon.net/appmon/detail.php?id=49
50,ダンスモン,1,アップロックビート,업록 비트,Uprock Beat,律动战斗步,戰鬥節拍,https://digimon.net/appmon/detail.php?id=50
50,ダンスモン,2,クレイジーステップ,크레이지 스텝,Crazy Steps,狂热踢踏,瘋狂舞步,https://digimon.net/appmon/detail.php?id=50
51,レースモン,1,アクセルドライブ,액셀 드라이브,Turbo Drive,油门狂飙,全速駕駛,https://digimon.net/appmon/detail.php?id=51
51,レースモン,2,レイジーラビット,레이지 래빗,Lazy Rabbit,懒散野兔,慵懶的突圍者,https://digimon.net/appmon/detail.php?id=51
52,ドローモン,1,インクシャワー,잉크 샤워,Ink Shower,墨汁暴雨,墨水淋浴,https://digimon.net/appmon/detail.php?id=52
52,ドローモン,2,ペイントメルト,페인트 멜트,Paint Melt,图层溶解,顏料溶解,https://digimon.net/appmon/detail.php?id=52
53,テラーモン,1,フォーチュンテラー,포춘 텔러,Fortune-Teller,未知预言,算命師,https://digimon.net/appmon/detail.php?id=53
53,テラーモン,2,スフィアインパクト,스피어 임팩트,Sphere Impact,水晶球冲击,水晶球衝擊,https://digimon.net/appmon/detail.php?id=53
54,ミュージモン,1,ミュージックアワー！,뮤직 아워!,Music Hour,奏乐时间！,音樂時刻！,https://digimon.net/appmon/detail.php?id=54
54,ミュージモン,2,ハッピープレイリスト,해피 플레이리스트,Happy Playlist,快乐歌单,歡樂歌單,https://digimon.net/appmon/detail.php?id=54
55,ペロリモン,1,テイスティングバイト,테이스팅 바이트,Tasting Bite,齿颊生香,試吃咀嚼,https://digimon.net/appmon/detail.php?id=55
55,ペロリモン,2,ペロリンログ,꿀꺽 로그,Yummy Log,美味回忆,品嘗記錄,https://digimon.net/appmon/detail.php?id=55
56,ドーガモン,1,チャンネルプレイ,채널 플레이,Channel Play,视频号连播,頻道播放,https://digimon.net/appmon/detail.php?id=56
56,ドーガモン,2,ダークモニター,다크 모니터,Dark Monitor,黑暗荧屏,暗黑顯示器,https://digimon.net/appmon/detail.php?id=56
57,ドレスモン,1,ソーイングニードル,소잉 니들,Sewing Needle,缝衣刺,縫紉刺針,https://digimon.net/appmon/detail.php?id=57
57,ドレスモン,2,シャミングステッチ,셰밍 스티치,Jamming Stitch,伪装缝合,妨礙縫線,https://digimon.net/appmon/detail.php?id=57
58,ブックモン,1,ページサモン,페이지 서몬,Page Summon,书页召唤,書頁召喚,https://digimon.net/appmon/detail.php?id=58
58,ブックモン,2,センテンスウィップ,센텐스 휩,Sentence Whip,长句长鞭,文章鞭策,https://digimon.net/appmon/detail.php?id=58
59,ガシャモン,1,ガシャガシャポン,뽑뽑,Gashagashapon,咔嚓咔嚓砰,扭蛋碰擊,https://digimon.net/appmon/detail.php?id=59
59,ガシャモン,2,ドッキリカプセル,서프라이즈 캡슐,Prank Capsule,搞怪扭蛋,整人膠囊,https://digimon.net/appmon/detail.php?id=59
60,ラックモン,1,ラッキースロット,럭키 슬롯,Lucky Slot,幸运拉杆,幸運連線,https://digimon.net/appmon/detail.php?id=60
60,ラックモン,2,トリプルセブン,트리플 세븐,Triple Seven,777,777,https://digimon.net/appmon/detail.php?id=60
61,トリックモン,1,トリッキーハッター,트리키 해터,Hat Trickster,魔法帽匠,帽子戲法,https://digimon.net/appmon/detail.php?id=61
61,トリックモン,2,グランドイリュージョン,그랜드 일루전,Grand Illusion,壮丽幻象,巨型幻象,https://digimon.net/appmon/detail.php?id=61
62,ダイスモン,1,シックスシェイク,식스 셰이크,Six-Shake,六方震荡,六點投擲,https://digimon.net/appmon/detail.php?id=62
62,ダイスモン,2,ミラクルロール,미라클 롤,Miracle Roll,奇迹一掷,奇蹟翻滾,https://digimon.net/appmon/detail.php?id=62
63,クックモン,1,アストロクッキング,아스트로 쿠킹,Astro-Cooking,地外烹饪,星際烹飪,https://digimon.net/appmon/detail.php?id=63
63,クックモン,2,ソウルフルコース,소울풀 코스,Spirited Specialty,灵魂全餐,靈魂套餐,https://digimon.net/appmon/detail.php?id=63
64,バイラモン,1,パープルガスト,퍼플 거스트,Purple Gust,邪紫狂风,紫色狂風,https://digimon.net/appmon/detail.php?id=64
64,バイラモン,2,テンタクルバインド,텐터클 바인드,Tentacle Bind,触手束缚,觸手束縛,https://digimon.net/appmon/detail.php?id=64
65,スリープモン,1,ス～パ～スリ～パ～,슈~퍼~ 슬리~퍼~,Super Sleeper,睡～吧～睡～吧～,超～級～入～眠～者～,https://digimon.net/appmon/detail.php?id=65
65,スリープモン,2,レイジングアイ,레이징 아이,Raging Eye,愤怒眼眸,暴怒之眼,https://digimon.net/appmon/detail.php?id=65
66,マッスルモン,1,マッスルポージング,머슬 포징,Muscle Flex,健美姿势,健美擺姿,https://digimon.net/appmon/detail.php?id=66
66,マッスルモン,2,ムキムキスエット,불끈불끈 스웨트,Lean Power,猛男臭汗,肌肉汗雨,https://digimon.net/appmon/detail.php?id=66
67,エイドモン,1,ヒーリングバンデージ,힐링 밴디지,Healing Bandage,治愈绷带,治癒繃帶,https://digimon.net/appmon/detail.php?id=67
67,エイドモン,2,レスキューキッス,레스큐 키스,Rescue Kiss,救命一吻,救援之吻,https://digimon.net/appmon/detail.php?id=67
68,マネーモン,1,ルーレットバンク,룰렛 뱅크,Roulette Bank,轮盘银行,轉盤銀行,https://digimon.net/appmon/detail.php?id=68
68,マネーモン,2,マニーショック,머니 쇼크,Money Shock,财富冲击,金錢衝擊,https://digimon.net/appmon/detail.php?id=68
69,スパモン,1,ハイドロジェット,하이드로제트,Hydrojet,水疗激射,水流噴射,https://digimon.net/appmon/detail.php?id=69
69,スパモン,2,癒しの湯,힐링 온천,Healing Water,疗愈温泉,治癒之泉,https://digimon.net/appmon/detail.php?id=69
70,サプリモン,1,バイタルサプリ,바이털 서플리,Vital Supplement,活力补剂,生命補充劑,https://digimon.net/appmon/detail.php?id=70
70,サプリモン,2,ミナギルエナジー,넘치는 에너지,Rising Energy,能量满满,能量滿溢,https://digimon.net/appmon/detail.php?id=70
71,ドープモン,1,バイタルリミット              オーバーパワー,바이털 리미트              오버파워,Vital Limit              Power Flow,生命突破              过载能量,生命限制              力量過載,https://digimon.net/appmon/detail.php?id=71
72,オクショモン,1,スペシャルビッド,스페셜 비드,Special Bid,特别出价,特別投標,https://digimon.net/appmon/detail.php?id=72
72,オクショモン,2,ニューサツスイング,입찰 스윙,Auction Swing,振臂投标,新得標槌擊,https://digimon.net/appmon/detail.php?id=72
73,カケイモン,1,セツヤクハート,절약 하트,Thrifty Heart,节省之心,節約之心,https://digimon.net/appmon/detail.php?id=73
73,カケイモン,2,ケチケチハート,인색한 하트,Stingy Heart,抠门之心,吝嗇之心,https://digimon.net/appmon/detail.php?id=73
74,カイモン,1,バーゲンプライス,바겐 프라이스,Price Bargain,甩卖大特价,優惠價格,https://digimon.net/appmon/detail.php?id=74
74,カイモン,2,バクガイタイム,폭풍 쇼핑 타임,Bulk Buy,爆买时间,搶購時刻,https://digimon.net/appmon/detail.php?id=74
75,ジショモン,1,ビブリオスキャン,비블리오 스캔,Biblio-Scan,典籍扫描,書頁掃描,https://digimon.net/appmon/detail.php?id=75
75,ジショモン,2,ヒデングリフ,히든 글리프,Secret Glyph,绝密字符,秘傳文字,https://digimon.net/appmon/detail.php?id=75
76,ロギモン,1,クライストルネード,크라이스 토네이도,Data Storm,圆环龙卷,圓環龍捲風,https://digimon.net/appmon/detail.php?id=76
76,ロギモン,2,ロギプラズマ,로기 플라스마,Login Plasma,洛基离子炮,登入電漿,https://digimon.net/appmon/detail.php?id=76
77,ロガモン,1,スクラッチバン,스크래치 밴,Shadow Ban,刮除式封禁,刮削停權,https://digimon.net/appmon/detail.php?id=77
77,ロガモン,2,ロガブラスト,로가 블래스트,Logout Blast,洛迦大爆炸,登出爆破,https://digimon.net/appmon/detail.php?id=77
78,ドガッチモン,1,ディープダイブ,디프 다이브,Deep Dive,深海寻觅,深度潛入,https://digimon.net/appmon/detail.php?id=78
78,ドガッチモン,2,ドガッチバスター,슈퍼 서치 버스터,Relevance Bust,大盖奇毁灭炮,大蓋奇衝擊波,https://digimon.net/appmon/detail.php?id=78
78,ドガッチモン,3,ソニックスラッシュ,소닉 슬래시,Sonic Slash,音速突击,音速斬擊,https://digimon.net/appmon/detail.php?id=78
79,ソーシャモン,1,メッセシュトロム,메시 슈트롬,Message Surge,短信大漩涡,訊息風暴,https://digimon.net/appmon/detail.php?id=79
79,ソーシャモン,2,ヘビーギフト,헤비 기프트,Heavy Gift,重磅豪礼,沉重禮物,https://digimon.net/appmon/detail.php?id=79
80,ゴシップモン,1,ブレイズスラング,블레이즈 슬랭,Slang Blaze,劲爆黑话,俗語火焰,https://digimon.net/appmon/detail.php?id=80
80,ゴシップモン,2,ネガティブラスター,네거티브 블라스터,Negative Luster,负能量炮,消極光輝,https://digimon.net/appmon/detail.php?id=80
81,スカシモン,1,失敗しちゃった,실패해버렸다,Failure,搞砸啦,搞砸了,https://digimon.net/appmon/detail.php?id=81
81,スカシモン,2,スカナックル,실패 너클,Knuckle Let-Down,扑空拳,期望落空之拳,https://digimon.net/appmon/detail.php?id=81
82,トリップモン,1,トリップゲート,트립 게이트,Trip Gate,穿梭门,旅行之門,https://digimon.net/appmon/detail.php?id=82
82,トリップモン,2,ワンダラーファング,반더러 팡,Wanderlust Fang,流浪尖牙,浪者之牙,https://digimon.net/appmon/detail.php?id=82
83,ウェザドラモン,1,ディヴァインブレス,디바인 브레스,Divine Breath,神圣吐息,神聖吐息,https://digimon.net/appmon/detail.php?id=83
83,ウェザドラモン,2,パニックサンダー,패닉 선더,Panic Thunder,惊雷,恐慌雷擊,https://digimon.net/appmon/detail.php?id=83
84,タイムモン,1,クロノスライド,크로노슬라이드,Chrono-Slide,时间滑翔,時空滑動,https://digimon.net/appmon/detail.php?id=84
84,タイムモン,2,クロックフィスト,클록 피스트,Clock Fist,时光拳,時鐘之拳,https://digimon.net/appmon/detail.php?id=84
84,タイムモン,3,クロックシールド,클록 쉴드,Clock Shield,时光盾,時鐘之盾,https://digimon.net/appmon/detail.php?id=84
85,ロアモン,1,ライアースロート,라이어 스로트,Liar Throat,诳语喉舌,騙子之喉,https://digimon.net/appmon/detail.php?id=85
85,ロアモン,2,ツインスクリーム,트윈 스크림,Twin Scream,双响尖叫,雙重尖叫,https://digimon.net/appmon/detail.php?id=85
86,スコープモン,1,デスウォッチ,데스 워치,Death Watch,致命观察,死亡瞄準,https://digimon.net/appmon/detail.php?id=86
86,スコープモン,2,デッドリースナイプ,데들리 스나이프,Deadly Snipe,绝命狙击,致命狙擊,https://digimon.net/appmon/detail.php?id=86
87,クラフトモン,1,トッカンメイカー,뚝딱 메이커,Rapid Builder,突击巧匠,巨響製造者,https://digimon.net/appmon/detail.php?id=87
87,クラフトモン,2,ゾーンアーキテクト,존 아키텍트,Zone Architect,领域构筑,區域建築師,https://digimon.net/appmon/detail.php?id=87
88,レイドラモン,1,クラッキングクレイス,크래킹 클레이스,Key Cracker,破碎龙卷,破解鑰匙,https://digimon.net/appmon/detail.php?id=88
88,レイドラモン,2,バラージジャック,바라지 잭,Barrage Jack,火力劫持,彈幕射手傑克,https://digimon.net/appmon/detail.php?id=88
89,デジップモン,1,アブソーブジップ,앱솔브 집,Zip Absorber,绝禁拉链,吸收拉鍊,https://digimon.net/appmon/detail.php?id=89
89,デジップモン,2,アンフリーズフィスト,언프리즈 피스트,Unfreezing Fist,冰释神拳,解壓之拳,https://digimon.net/appmon/detail.php?id=89
90,ミエーヌモン,1,ステルスケープ,스텔스 케이프,Stealth Cape,遁迹潜形,隱形披風,https://digimon.net/appmon/detail.php?id=90
90,ミエーヌモン,2,カメレオンリック,카멜레온 릭,Chameleon Lick,变色龙的舔舐,變色龍舔舔攻擊,https://digimon.net/appmon/detail.php?id=90
91,ワープモン,1,ワープループ,워프 루프,Warp Loop,无尽转移,循環傳送,https://digimon.net/appmon/detail.php?id=91
91,ワープモン,2,スケアリーゲート,스케어리 게이트,Scary Gate,惊吓之门,恐怖之門,https://digimon.net/appmon/detail.php?id=91
92,サクシモン,1,臥龍扇,와룡선,Unknown Genius,卧龙扇,臥龍之扇,https://digimon.net/appmon/detail.php?id=92
92,サクシモン,2,炎舞の陣,염무의 진,Flame Dance Formation,炎舞阵,炎舞之陣,https://digimon.net/appmon/detail.php?id=92
93,ドスコモン,1,ドヒョウフィールド,경기장 필드,Dohyo Field,相扑领域,土俵擂台,https://digimon.net/appmon/detail.php?id=93
93,ドスコモン,2,ジェット張手,제트 하리테,Jet Harite,喷气式掌击,噴射掌擊,https://digimon.net/appmon/detail.php?id=93
94,ブレモン,1,コマンド＝ハイパー,명령=하이퍼,Hyper Command,指令：超级激活,亢奮指令,https://digimon.net/appmon/detail.php?id=94
94,ブレモン,2,クレイジーブレイン,크레이지 브레인,Crazy Brain,疯狂大脑,瘋狂大腦,https://digimon.net/appmon/detail.php?id=94
95,コーチモン,1,怒ツ鬼金剛棍,분노의 금강곤,Indestructible Will,怒鬼金刚棍,怒鬼金剛棍,https://digimon.net/appmon/detail.php?id=95
95,コーチモン,2,愛の入魂金棒,사랑의 입혼금봉,Metallic Resilience,关爱狼牙棒,愛的狼牙棒,https://digimon.net/appmon/detail.php?id=95
96,ウラテクモン,1,上下上下右右左左XY,상하상하우우좌좌XY,↑↓↑↓→→←←XY,上下上下右右左左XY,上下上下右右左左XY,https://digimon.net/appmon/detail.php?id=96
96,ウラテクモン,2,カミワザコンボ,필살기 콤보,Tool-Assisted Combo,神连段,神技連段,https://digimon.net/appmon/detail.php?id=96
97,エフェクモン,1,カラーズマザー,컬러스 마더,Mother Color,原初色彩,色彩之母,https://digimon.net/appmon/detail.php?id=97
97,エフェクモン,2,ペイントドラゴン,페인트 드래곤,Dragon Paint,画龙点睛,顏料龍,https://digimon.net/appmon/detail.php?id=97
98,タロットモン,1,ラメントフェイト,라멘토 페이트,Fateful Lamentation,命运的叹息,悲慘命運,https://digimon.net/appmon/detail.php?id=98
98,タロットモン,2,アルカナシールド,아르카나 쉴드,Arcana Shield,阿尔卡那之盾,阿爾克那之盾,https://digimon.net/appmon/detail.php?id=98
99,コーデモン,1,メタモルコーデ,메타모르 코디,Metamorcode,焕然衣新,變身穿搭,https://digimon.net/appmon/detail.php?id=99
99,コーデモン,2,フィッティングアロー,피팅 애로,Arranging Arrow,试衣箭,配件箭矢,https://digimon.net/appmon/detail.php?id=99
100,メディアモン,1,バーチャルバース,버추얼 버스,Virtual Vision,虚拟宇宙,虛擬詩篇,https://digimon.net/appmon/detail.php?id=100
100,メディアモン,2,ハウリングブラスト,하울링 블래스트,Howling Blast,爆裂啸叫,怒嚎衝擊,https://digimon.net/appmon/detail.php?id=100
101,ベガスモン,1,クイーンウィール,퀸 휠,Queen Wheel,女王轮盘,皇后輪盤,https://digimon.net/appmon/detail.php?id=101
101,ベガスモン,2,ビッグゲーム,빅 게임,Big Game,乾坤一掷,重大賭局,https://digimon.net/appmon/detail.php?id=101
102,ドリーモン,1,ノンレムパペット,논렘 퍼핏,Non-REM Puppet,无梦玩偶,非快速動眼人偶,https://digimon.net/appmon/detail.php?id=102
102,ドリーモン,2,ドリームシアター,드림 시어터,Oniric Theater,梦幻大舞台,夢境劇場,https://digimon.net/appmon/detail.php?id=102
103,メディックモン,1,ワンオペレーション,원 오퍼레이션,Master Operator,单刀上台,單人手術,https://digimon.net/appmon/detail.php?id=103
103,メディックモン,2,ワンダーメディシン,원더 메디신,Wonder Medicine,神奇药丸,奇蹟醫藥品,https://digimon.net/appmon/detail.php?id=103
104,ドクモン,1,スパイラルトリガー,스파이럴 트리거,Spiral Trigger,螺旋激活,連鎖引爆,https://digimon.net/appmon/detail.php?id=104
104,ドクモン,2,マッドネスシリンジ,매드니스 시린지,Madness Syringe,癫狂注射器,瘋狂注射,https://digimon.net/appmon/detail.php?id=104
105,コンサルモン,1,スリフトアンサー,스리프트 앤서,Cash Saver,省钱之道,節儉答案,https://digimon.net/appmon/detail.php?id=105
105,コンサルモン,2,オクトパラース,옥토파라스,Octoplus,八方守护,節能章魚爪,https://digimon.net/appmon/detail.php?id=105
106,ライブラモン,1,バーバルジェイル,버벌 제일,Verbal Jail,文字狱,語言監獄,https://digimon.net/appmon/detail.php?id=106
106,ライブラモン,2,デビルズコデックス,데빌스 코덱스,Devil's Codex,恶魔古典,惡魔抄本,https://digimon.net/appmon/detail.php?id=106
107,グローブモン,1,アルティメットサーチ,얼티미트 서치,Ultimate Search,终极检索,終極搜索,https://digimon.net/appmon/detail.php?id=107
107,グローブモン,2,グランツゲイザー,글란즈 게이저,Clear Gaze,炫光凝视,閃耀監視,https://digimon.net/appmon/detail.php?id=107
107,グローブモン,3,シュベルトカッター,슈베르트 커터,Cutting Edge,灭刃神光,刀劍切割,https://digimon.net/appmon/detail.php?id=107
108,カリスモン,1,ゼーレゲヴァルト,제레 게발트,Soul Control,灵魂掌控,靈魂支配,https://digimon.net/appmon/detail.php?id=108
108,カリスモン,2,アルフ＝アイン,알레프=아인,Mind Overwrite,无尽起源,外星人視線,https://digimon.net/appmon/detail.php?id=108
109,ダメダモン,1,もうダメだ～,이제 안 돼~,It's Hopeless,我不行了~,已經不行啦～,https://digimon.net/appmon/detail.php?id=109
109,ダメダモン,2,ダメダメージ,안 돼 대미지,Damage Control,刮痧式伤害,無能攻擊,https://digimon.net/appmon/detail.php?id=109
110,サテラモン,1,コズミックレイダー,코즈믹 레이더,Cosmic Raider,星际侵略者,宇宙入侵者,https://digimon.net/appmon/detail.php?id=110
110,サテラモン,2,レインボーアサルト,레인보우 어썰트,Rainbow Assault,彩虹突袭,彩虹襲擊,https://digimon.net/appmon/detail.php?id=110
111,コメットモン,1,メテオレイン,미티어 레인,Meteor Rain,陨石雨,隕石彈雨,https://digimon.net/appmon/detail.php?id=111
111,コメットモン,2,ギガントエルガー,기간트 애르거,Giant Rage,巨人的愤怒,巨人之怒,https://digimon.net/appmon/detail.php?id=111
112,ブートモン,1,パワーブート,파워 부팅,Power Boot,力量增幅,強力啟動,https://digimon.net/appmon/detail.php?id=112
112,ブートモン,2,ナックルソル,너클 솔,Sun Knuckle,太阳怒拳,太陽神拳,https://digimon.net/appmon/detail.php?id=112
113,シャットモン,1,シザーズブラック,시저스 블랙,Grim Scissors,漆黑剪刀,暗黑剪刀,https://digimon.net/appmon/detail.php?id=113
113,シャットモン,2,ルーナインパルス,루나 임펄스,Lunar Impulse,月光脉冲,月神脈衝,https://digimon.net/appmon/detail.php?id=113
114,フェイクモン,1,イミテーションノイズ,이미테이션 노이즈,Imitation Noise,伪劣杂音,仿聲雜音,https://digimon.net/appmon/detail.php?id=114
114,フェイクモン,2,クラウンマスク,클라운 마스크,Clown Mask,小丑面具,小丑面具,https://digimon.net/appmon/detail.php?id=114
115,リバイブモン,1,ヴンダーゲネシス,분더 게네시스,Wonder Genesis,创世奇迹,救贖光線,https://digimon.net/appmon/detail.php?id=115
115,リバイブモン,2,セイバーシュトラール,세이버 슈트랄,Saving Beam,救世光束,見證奇蹟,https://digimon.net/appmon/detail.php?id=115
116,ワルダモン,1,デーモンアルム,데몬 암,Demon Arm,恶魔的臂弯,惡魔武裝兵,https://digimon.net/appmon/detail.php?id=116
116,ワルダモン,2,ザータンムント,자탄 문트,Evil Mouth,撒旦的血口,撒旦支配,https://digimon.net/appmon/detail.php?id=116
117,オウジャモン,1,ゴールデンファング,골든 팡,Golden Fang,黄金獠牙,黃金獠牙,https://digimon.net/appmon/detail.php?id=117
117,オウジャモン,2,フレイムストレート,프레임 스트레이트,Straight Flame,爆炎直拳,烈焰直拳,https://digimon.net/appmon/detail.php?id=117
118,エンタモン,1,ハッピーファントム,해피 팬텀,Phantom Joy,欢乐魅影,歡樂幻影,https://digimon.net/appmon/detail.php?id=118
118,エンタモン,2,ポルテメロス,포르테 멜로스,Mystical Melody,梅勒斯的乐章,樂譜新世界,https://digimon.net/appmon/detail.php?id=118
119,バイオモン,1,ドクトルメス,닥터 메스,Scalpel Wizard,柳叶刀,醫用手術刀,https://digimon.net/appmon/detail.php?id=119
119,バイオモン,2,ナーデルブレイズ,나델 블레이즈,Needle Blaze,火焰针,火焰注射,https://digimon.net/appmon/detail.php?id=119
120,ビューティモン,1,ローザフェニクス,로사 피닉스,Rosa Phoenix,蔷薇不死鸟,薔薇不死鳥,https://digimon.net/appmon/detail.php?id=120
120,ビューティモン,2,ヴィーナスロッド,비너스 로드,Venus Rod,维纳斯之杖,維納斯之杖,https://digimon.net/appmon/detail.php?id=120
120,ビューティモン,3,ウィングパクト,윙 팩트,Wing Pact,羽翼之盟,協議之翼,https://digimon.net/appmon/detail.php?id=120
121,リブートモン,1,レフィシオール,레피시올,Reficior,再造重建,重建,https://digimon.net/appmon/detail.php?id=121
121,リブートモン,2,ホライゾンタルフレア,호라이즌탈 플레어,Horizontal Flare,坦荡光焰,水平閃焰,https://digimon.net/appmon/detail.php?id=121
121,リブートモン,3,エクリプスイレイザー,이클립스 이레이저,Eclipse Eraser,重见天日,侵蝕消除者,https://digimon.net/appmon/detail.php?id=121
122,ガイアモン,1,イマジンマール,이매진 마르,Divine Sense,想象之环,想像噴發,https://digimon.net/appmon/detail.php?id=122
122,ガイアモン,2,アルティメットアダマス,얼티미트 아다마스,Ultimate Adamas,终极精钢,終極金剛岩,https://digimon.net/appmon/detail.php?id=122
123,ハデスモン,1,ヘル・カキア,헬 카키아,Hell Kakia,恶德地狱,地獄惡戲,https://digimon.net/appmon/detail.php?id=123
123,ハデスモン,2,メランエクスプロード,멜란 익스플로드,Melan-Explode,黑暗爆炸,暗黑爆破,https://digimon.net/appmon/detail.php?id=123
124,ポセイドモン,1,トライデント・フォール,트라이던트 폴,Trident Fall,坠落神戟,三叉戟落擊,https://digimon.net/appmon/detail.php?id=124
124,ポセイドモン,2,海帝掌打,해제장타,Godly Palm Strike,海帝掌打,海帝掌擊,https://digimon.net/appmon/detail.php?id=124
125,ウラノスモン,1,ハロー・ハロー,할로 할로,Halo-Halo,神耀光环,光輪,https://digimon.net/appmon/detail.php?id=125
125,ウラノスモン,2,アストラルイラプション,아스트랄 이럽션,Astral Eruption,幽星迸射,星雲噴發,https://digimon.net/appmon/detail.php?id=125
126,デウスモン,1,コード：オリジン,코드: 오리진,Code: Origin,代码：起源,代碼：起源,https://digimon.net/appmon/detail.php?id=126
126,デウスモン,2,イニシャル・ゼロ,이니셜 제로,Initial Zero,头文字0,零之字首,https://digimon.net/appmon/detail.php?id=126
127,タップモン(ソーシャル),1,スピンシュート,스핀 슛,Spin Shoot,回旋弹射,迴旋投射,https://digimon.net/appmon/detail.php?id=127
128,タップモン(ナビ),1,スピンシュート,스핀 슛,Spin Shoot,回旋弹射,迴旋投射,https://digimon.net/appmon/detail.php?id=128
129,タップモン(ツール),1,スピンシュート,스핀 슛,Spin Shoot,回旋弹射,迴旋投射,https://digimon.net/appmon/detail.php?id=129
130,タップモン(システム),1,スピンシュート,스핀 슛,Spin Shoot,回旋弹射,迴旋投射,https://digimon.net/appmon/detail.php?id=130
131,タップモン(ゲーム),1,スピンシュート,스핀 슛,Spin Shoot,回旋弹射,迴旋投射,https://digimon.net/appmon/detail.php?id=131
132,タップモン(エンタメ),1,スピンシュート,스핀 슛,Spin Shoot,回旋弹射,迴旋投射,https://digimon.net/appmon/detail.php?id=132
133,タップモン(ライフ),1,スピンシュート,스핀 슛,Spin Shoot,回旋弹射,迴旋投射,https://digimon.net/appmon/detail.php?id=133
134,フリックモン(ソーシャル),1,みみだまし,귀로 속이기,Ear Trick,虚晃一耳,甩耳騙局,https://digimon.net/appmon/detail.php?id=134
135,フリックモン(ナビ),1,みみだまし,귀로 속이기,Ear Trick,虚晃一耳,甩耳騙局,https://digimon.net/appmon/detail.php?id=135
136,フリックモン(ツール),1,みみだまし,귀로 속이기,Ear Trick,虚晃一耳,甩耳騙局,https://digimon.net/appmon/detail.php?id=136
137,フリックモン(システム),1,みみだまし,귀로 속이기,Ear Trick,虚晃一耳,甩耳騙局,https://digimon.net/appmon/detail.php?id=137
138,フリックモン(ゲーム),1,みみだまし,귀로 속이기,Ear Trick,虚晃一耳,甩耳騙局,https://digimon.net/appmon/detail.php?id=138
139,フリックモン(エンタメ),1,みみだまし,귀로 속이기,Ear Trick,虚晃一耳,甩耳騙局,https://digimon.net/appmon/detail.php?id=139
140,フリックモン(ライフ),1,みみだまし,귀로 속이기,Ear Trick,虚晃一耳,甩耳騙局,https://digimon.net/appmon/detail.php?id=140
141,スワイプモン(ソーシャル),1,ボディスピアー,보디 스피어,Body Spear,旋身突贯,衝撞矛釘,https://digimon.net/appmon/detail.php?id=141
142,スワイプモン(ナビ),1,ボディスピアー,보디 스피어,Body Spear,旋身突贯,衝撞矛釘,https://digimon.net/appmon/detail.php?id=142
143,スワイプモン(ツール),1,ボディスピアー,보디 스피어,Body Spear,旋身突贯,衝撞矛釘,https://digimon.net/appmon/detail.php?id=143
144,スワイプモン(システム),1,ボディスピアー,보디 스피어,Body Spear,旋身突贯,衝撞矛釘,https://digimon.net/appmon/detail.php?id=144
145,スワイプモン(ゲーム),1,ボディスピアー,보디 스피어,Body Spear,旋身突贯,衝撞矛釘,https://digimon.net/appmon/detail.php?id=145
146,スワイプモン(エンタメ),1,ボディスピアー,보디 스피어,Body Spear,旋身突贯,衝撞矛釘,https://digimon.net/appmon/detail.php?id=146
147,スワイプモン(ライフ),1,ボディスピアー,보디 스피어,Body Spear,旋身突贯,衝撞矛釘,https://digimon.net/appmon/detail.php?id=147
148,ダンテモン,1,断鉄剣（だんてつけん）,단철검,Dantetsuken,断铁剑,斷鐵劍,https://digimon.net/appmon/detail.php?id=148
148,ダンテモン,2,戸締用心(とじまりようじん),호체용심,Tojimariyoujin,户缔用心,戸締用心（小心門戶）,https://digimon.net/appmon/detail.php?id=148
