directory_name,name_ja,move_order,move_raw
nosferamon,ノスフェラモン,1,ランページバレット
nosferamon,ノスフェラモン,2,アネスシージアゲイズ
artiomon,アルティオモン,1,ドゥームバスター
artiomon,アルティオモン,2,ディキャピテイトクロウ
heliosboamon,ヘリオスボアモン,1,ソウルパラヴライザー
heliosboamon,ヘリオスボアモン,2,レストリクトアイ
habakirimon,ハバキリモン,1,羽々斬（はばきり）
habakirimon,ハバキリモン,2,麁正（あらまさ）
bearcatmon,ベアキャットモン,1,ペネトレイトブロウ
bearcatmon,ベアキャットモン,2,マーダライズラッシュ
bearcatmon,ベアキャットモン,3,ベアダウンスピニングキック
taowumon,タオウーモン,1,氷骸礫(ひょうがいれき)
taowumon,タオウーモン,2,轟蹄崩(ごうていほう)
taowumon,タオウーモン,3,凍烈檮牙(とうれつとうが)
scourgechiropmon,スカージキロプモン,1,トライアンギュレーションスキャン
scourgechiropmon,スカージキロプモン,2,デスペアブラスト
scourgechiropmon,スカージキロプモン,3,エリミネイトレイン
scourgechiropmon,スカージキロプモン,4,サイレントスクリーム
monarchlizamon,モナークリザモン,1,アナイアレイトエッジ
monarchlizamon,モナークリザモン,2,モナークオーディナンス
monarchlizamon,モナークリザモン,3,ファイナルジャッジメント
apollomon_whispered,アポロモン：ウィスパード,1,アロー・オブ・ウィスパード
apollomon_whispered,アポロモン：ウィスパード,2,サン・オブ・ソローズ
kingwhamon,キングホエーモン,1,ウォジェット
kingwhamon,キングホエーモン,2,ライドライト
armamon_burstmode,アルマモン：バーストモード,1,ソード・オブ・メテオ
armamon_burstmode,アルマモン：バーストモード,2,インフィニティソードレイン
armamon,アルマモン,1,マルクトクリスタル
armamon,アルマモン,2,レインボーハンド
armamon,アルマモン,3,ソードマスカレード
shoutmonx5s,シャウトモンX5S,1,スペースチャクラム
shoutmonx5s,シャウトモンX5S,2,ヘリオスラッシャー
shoutmonx5s,シャウトモンX5S,3,コズモビクトリー
vortexdramon,ヴォルテクスドラモン,1,フローズンガスト
vortexdramon,ヴォルテクスドラモン,2,ブレイジングガスト
vortexdramon,ヴォルテクスドラモン,3,レーヴァテイン
shoutmonx4s,シャウトモンX4S,1,ブレイズファイアー
shoutmonx4s,シャウトモンX4S,2,クロスレッド＆ブルー
shoutmonx4s,シャウトモンX4S,3,ビクトリーブレイブ
shoutmonx3sd,シャウトモンX3SD,1,アシッドタイフーン
shoutmonx3sd,シャウトモンX3SD,2,ビリオンスタブ
shoutmonx3gm,シャウトモンX3GM,1,ワイルドバーニング
shoutmonx3gm,シャウトモンX3GM,2,ブリリアンスダガー
shoutmonx3gm,シャウトモンX3GM,3,ブレス・オブ・ペルーン
azhdarmon,アズダルモン,1,トマホークストライク
azhdarmon,アズダルモン,2,トライカーヴレイン
azhdarmon,アズダルモン,3,トリニティライトニング
tengumon,テングモン,1,魔縁斬蹴撃（まえんざんしゅうげき）
tengumon,テングモン,2,尊天大烈風（そんてんだいれっぷう）
amaterasumon,アマテラスモン,1,厳之御魂（いづのみたま）
amaterasumon,アマテラスモン,2,六合照徹閃（りくごうしょうてつせん）
enmamon,エンマモン,1,浄玻璃鏡(じょうはりのかがみ)
enmamon,エンマモン,2,閻羅王降誕（えんらおうごうたん）
seitengokuwmon,セイテンゴクウモン,1,火眼金睛（かがんきんせい）
seitengokuwmon,セイテンゴクウモン,2,八戒炎天撃（はっかいえんてんげき）
seitengokuwmon,セイテンゴクウモン,3,悟浄水天葬（ごじょうすいてんそう）
seitengokuwmon,セイテンゴクウモン,4,超大聖雷天砲（ちょうたいせいらいてんほう）
exmaquinamon,エクスマキナモン,1,エスカトン
dalphomon,ダルフォモン,1,プロフェットオブエリヤ
dalphomon,ダルフォモン,2,ジェイルマオン
dalphomon,ダルフォモン,3,ブルータルヘイロウ
shishimamon,シシマモン,1,光爪神楽（こうそうかぐら）
shishimamon,シシマモン,2,魔祓灼光（まふつのしゃっこう）
darumamon,ダルマモン,1,猛進火達磨（もうしんひだるま）
darumamon,ダルマモン,2,断災達磨落とし（だんさいだるまおとし）
rhamphomon,ランフォモン,1,クリスタルキャノン
rhamphomon,ランフォモン,2,ハンマーストライク
rhamphomon,ランフォモン,3,ノーホープフォール
rhamphomon,ランフォモン,4,クリスタルレイン
chronomon_destroy,クロノモン：デストロイモード,1,フィンガーボム
chronomon_destroy,クロノモン：デストロイモード,2,ホーリーフレア
chronomon_destroy,クロノモン：デストロイモード,3,クロノデヴォリューション
chronomon_holy,クロノモン：ホーリーモード,1,ホーリーフレア
chronomon_holy,クロノモン：ホーリーモード,2,クロノスクロップ
butenmon,ブテンモン,1,日輪の舞
butenmon,ブテンモン,2,暁光一閃
buraimon,ブライモン,1,ツバメ二枚返し
buraimon,ブライモン,2,秘剣・飛鳥落とし
hyokomon,ヒョコモン,1,唐竹割り
hyokomon,ヒョコモン,2,秘剣ピヨピヨ斬り
chicchimon,チッチモン,1,ピヨピヨ
zombieplutomon,ゾンビプルートモン,1,ハザードホールド
zombieplutomon,ゾンビプルートモン,2,ヘルズスライス
zombieplutomon,ゾンビプルートモン,3,マリオネットアボミネーション
manekimon,マネキモン,1,小判振舞い
manekimon,マネキモン,2,招敵来来拳（しょうてきらいらいけん）
hakubamon,ハクバモン,1,劈龍爪（へきりゅうそう）
hakubamon,ハクバモン,2,焔明珠（えんめいしゅ）
wankomon,ワンコモン,1,豪狛毬（ごうはくきゅう）
wankomon,ワンコモン,2,石土之体（いしづちのてい）
gasamon,ガサモン,1,編笠スピン斬り
gasamon,ガサモン,2,粘溶液（ねんようえき）
takinmon,ターキモン,1,猛冲角（もうちゅうかく）
takinmon,ターキモン,2,岩衝弾（がんしょうだん）
fujamon,フージャモン,1,泿水弾（ぎんすいだん）
fujamon,フージャモン,2,蛟牙（こうが）
kakamon,カカモン,1,猿攻回転弾（えんこうかいてんだん）
kakamon,カカモン,2,金絲吼（きんしこう）
armalizamon,アルマリザモン,1,ニュートロンレイザー
armalizamon,アルマリザモン,2,ニュートロンデフューザー
armalizamon,アルマリザモン,3,ニュートロンブレイド
armalizamon,アルマリザモン,4,デスロールプレス
onibimon,オニビモン,1,燐火（りんか）
tomorimon,トモリモン,1,ヒノタマ
mococomon,モココモン,1,黏雲（ねんうん）
fukamon,フカモン,1,呼雲（こうん）
parallelmon,パラレルモン,1,アブソーベント・バン
parallelmon,パラレルモン,2,エンドレストランス
nightchiropmon,ナイトキロプモン,1,プロビデンススキャン
nightchiropmon,ナイトキロプモン,2,シャドウアーツ
nightchiropmon,ナイトキロプモン,3,ジャイアントラング
nightchiropmon,ナイトキロプモン,4,メズマバースト
styracomon,スティラコモン,1,クリムゾンクレスト
styracomon,スティラコモン,2,ドレッドノートスタンピード
taotiemon,タオティエモン,1,九淵貪角(きゅうえんどんかく)
taotiemon,タオティエモン,2,穢吐餓(えとが)
taotiemon,タオティエモン,3,饕飢爆（とうきばく）
craniummon_enbarrmon,クレニアムモン+アンヴァルモン,1,ルースレスチャージ
enbarrmon,アンヴァルモン,1,ディスレンジホーン
enbarrmon,アンヴァルモン,2,ヴェインアンサー
metatromon,メタトロモン,1,アイアンヘイロウ
metatromon,メタトロモン,2,アイズオブエノク
metatromon,メタトロモン,3,メタトロニオス
greatgryzmon,グレートグリズモン,1,闘魂爪（とうこんそう）
greatgryzmon,グレートグリズモン,2,爆霧（ばくぎり）
greatgryzmon,グレートグリズモン,3,GGS（ジージーエス）
titamon_skullbaluchimon,タイタモン+スカルバルキモン,1,千塵鬼神斬（せんじんきしんざん）
cougarmon,クーガモン,1,ルースレスファング
cougarmon,クーガモン,2,ルースレスクロー
cougarmon,クーガモン,3,ラースロア
masterblimpmon,マスターブリンプモン,1,ツェッペリンサーカス
masterblimpmon,マスターブリンプモン,2,デアデビルブレイク
hyemon,ハイエモン,1,カーズバイト
hyemon,ハイエモン,2,リリースハウリング
murasamemon,ムラサメモン,1,豪ノ斬・叢時雨（ごうのざん・むらしぐれ）
murasamemon,ムラサメモン,2,柔ノ斬・月時雨（じゅうのざん・つきしぐれ）
murasamemon,ムラサメモン,3,終ノ斬・哭雨（ついのざん・こくう）
wolvermon,ウルヴァモン,1,ラピッドバースト
wolvermon,ウルヴァモン,2,スキャッターロケット
wolvermon,ウルヴァモン,3,バージャースラッシュ
wolvermon,ウルヴァモン,4,トムボーイブレイズ
chiropmon,キロプモン,1,パラライズエコー
chiropmon,キロプモン,2,アナライズエコー
chiropmon,キロプモン,3,キュリアスアイズ
chiropmon,キロプモン,4,コンデンスドエコー
pristimon,プリスティモン,1,プリショット
pristimon,プリスティモン,2,スタブクロー
pristimon,プリスティモン,3,テイルスラップ
dullahamon,デュラハモン,1,ベルシラックエッジ
dullahamon,デュラハモン,2,スリーピーホロウ
gekkomon,ゲッコーモン,1,スマッシュビート
gekkomon,ゲッコーモン,2,ブレイクスロー
gekkomon,ゲッコーモン,3,スイングタックル
kekkomon,ケッコモン,1,ビートリック
kekomon,ケコモン,1,粘着性の泡
magneticdramon,マグネティックドラモン,1,ストーンレールガン
magneticdramon,マグネティックドラモン,2,エレクトリックコンプレッション
magneticdramon,マグネティックドラモン,3,マグネティックテンペスト
maneuvermon,マニューバモン,1,ブルータルエアロバティック
maneuvermon,マニューバモン,2,フォルゴーレ
turbomon,ターボモン,1,ブルータルホイール
turbomon,ターボモン,2,クラッシュギアスピン
nyabootmon,ニャブートモン,1,グラビトンネコキック
nyabootmon,ニャブートモン,2,カラバスペシャル
nyabootmon,ニャブートモン,3,秘剣キャット・ザ・ナインライブス
yihumon,イーフーモン,1,斬空(ざんくう)
yihumon,イーフーモン,2,刃羽颪(じんばおろし)
yihumon,イーフーモン,3,窮牙嵐断襲(きゅうがらんだんしゅう)
ariemon,アリエモン,1,絡縛藻紐（らくばくそうちゅう）
ariemon,アリエモン,2,波濤深槍（はとうしんそう）
ariemon,アリエモン,3,浄流海癒（じょうりゅうかいゆ）
skullseadramon,スカルシードラモン,1,サンダージャベリン
skullseadramon,スカルシードラモン,2,デッドロール
sharkmon,シャークモン,1,一斉砲撃
sharkmon,シャークモン,2,プルトダモン
sharkmon,シャークモン,3,ファングチャージ
kaguyamon,カグヤモン,1,武獲物語（たけとりものがたり）
kaguyamon,カグヤモン,2,月夜之迎（つきよのむかえ）
karakurumon,カラクルモン,1,骸繰艶舞・鉢かづき
karakurumon,カラクルモン,2,初瀬のおもてなし
kokeshimon,コケシモン,1,ダンマクエンジュ
kokeshimon,コケシモン,2,キデコノイスクミ
hanimon,ハニモン,1,ハニワフラッシュ
hanimon,ハニモン,2,コフンタックル
mockingbirdmon,モッキンバーモン,1,アイアンインヘイラー
mockingbirdmon,モッキンバーモン,2,トライエアボッツ
mulemon,ミュールモン,1,アイアンギャロップ
mulemon,ミュールモン,2,ロデオミサイル
maquinamon,マキナモン,1,ツインバブル
nazhamon_crimson,ナタモン：クリムゾンモード,1,斬砍双刃撃
nazhamon_crimson,ナタモン：クリムゾンモード,2,封神六蓮華
shagaramon,シャガラモン,1,浪濤扇（ろうとうせん）
shagaramon,シャガラモン,2,鹹海炸滄陣（かんかいさくそうじん）
shagaramon,シャガラモン,3,蒼纏龍神牙（そうてんりゅうじんが）
medusamon,メデューサモン,1,バイティングブート
medusamon,メデューサモン,2,アイズオブゴルゴーン
medusamon,メデューサモン,3,レイジングサーペンタイン
lamiamon,ラミアモン,1,ヴェノブレラ
lamiamon,ラミアモン,2,スプラッシュトキシン
necromon,ネクロモン,1,ソウルストライカー
necromon,ネクロモン,2,アパリションレギオン
jougamon,ジョウガモン,1,墜月衝（ついげつしょう）
jougamon,ジョウガモン,2,蛾眉截波（がびせっぱ）
jougamon,ジョウガモン,3,太陰皓光（たいいんこうこう）
pyramidimon,ピラミディモン,1,ゾフルカーブース
pyramidimon,ピラミディモン,2,アペシュイカーブ
pyramidimon,ピラミディモン,3,ラアナハムシーン
proganomon,プロガノモン,1,トリコンビットデモリッシャー
proganomon,プロガノモン,2,ドリルエミッション
landramon,ランドラモン,1,グラウンドスパイク
landramon,ランドラモン,2,デザートアビス
invisimon,インビジモン,1,インビジブルカッター
invisimon,インビジモン,2,スーパーロケットフィスト
invisimon,インビジモン,3,アルティメットブレーザー
oblivimon,オブリビモン,1,ウェイストアブダクション
oblivimon,オブリビモン,2,アナイデントファイド・エアリアル・フェノメノン
dimetromon,ディメトロモン,1,ルミナスヒート
dimetromon,ディメトロモン,2,セイリングスピン
ryugumon,リュウグウモン,1,儀来四海招（にらいしかいしょう）
ryugumon,リュウグウモン,2,海神之祓（わだつみのはらえ）
cerunumon,ケルヌモン,1,ケルティックバインド
cerunumon,ケルヌモン,2,スキャッターゴームグラス
marinbullmon,マリンブルモン,1,ハイドロデモリッシャー
marinbullmon,マリンブルモン,2,トキシックスプレッド
elizamon,エリザモン,1,フリルドカッター
elizamon,エリザモン,2,ヘリコプテイル
nezhamon,ナタモン,1,乾坤圏
nezhamon,ナタモン,2,爆迅炎戟破
dinomon,ダイナモン,1,バーニングエンド
dinomon,ダイナモン,2,ダイナブレス
skadimon,スカーディモン,1,スノースワッター
skadimon,スカーディモン,2,スノーマンズダンス
skadimon,スカーディモン,3,レイジングアバランチ
polarbearmon,ポーラーベアモン,1,コークスクリューキック
polarbearmon,ポーラーベアモン,2,ウィンターガナリー
erlangmon_blast,イーランモン：ブラストモード,1,万象逸貫
erlangmon_blast,イーランモン：ブラストモード,2,天眼顕聖
queenbeemon,クイーンビーモン,1,アクセルスティンガー
queenbeemon,クイーンビーモン,2,ホーネットイレイザー
vespamon,ヴェスパモン,1,マッハスティンガー
vespamon,ヴェスパモン,2,ビーファランクス
forgebeemon,フォージビーモン,1,トルクスティンガー
forgebeemon,フォージビーモン,2,バンブルウェルダー
heavymetaldramon,ヘヴィーメタルドラモン,1,ブラックサバス
heavymetaldramon,ヘヴィーメタルドラモン,2,ブルーマーダーフレイム
loudmon,ラウドモン,1,メタリカエッジ
loudmon,ラウドモン,2,ディープパープルブラスター
punkmon,パンクモン,1,ブリッツクリーグバップ
punkmon,パンクモン,2,アナーキストフレイム
takutoumon_wrath,タクトウモン：ラースモード,1,龍閃乱撃
takutoumon_wrath,タクトウモン：ラースモード,2,毘沙門八極殲陣
erlangmon,イーランモン,1,鷹尖円舞
erlangmon,イーランモン,2,招来・哮天犬
cendrillmon,サンドリモン,1,マリッジストライク
cendrillmon,サンドリモン,2,ノーブルファミリアーツ
cendrillmon,サンドリモン,3,プリズムデイトブレイク
chaperomon,シャペロモン,1,アップルフォーユー
chaperomon,シャペロモン,2,クリムゾンリッパー
chaperomon,シャペロモン,3,マーシーバスケット
zephagamon,ゼファーガモン,1,ゲイルブレイバー
zephagamon,ゼファーガモン,2,アネモイエンブレイス
zephagamon,ゼファーガモン,3,ディバインテンペスト
grandgalemon,グランゲイルモン,1,ドラゴニックストーム
grandgalemon,グランゲイルモン,2,ウィングトルネード
fluffymon,フラフィモン,1,バーディーヘッド
yolkmon,ヨークモン,1,泡
callismon,カリスモン,1,ディープフォレスト
callismon,カリスモン,2,ロデオバレット
tlalocmon,トラロックモン,1,ネトティリズトリ
tlalocmon,トラロックモン,2,ナウイキアウィトル
shoeshoemon,シューシューモン,1,ローリングストンパー
shoeshoemon,シューシューモン,2,ドングリボム
shoemon,シューモン,1,ワンダーストンプ
shoemon,シューモン,2,プチニードル
galemon,ゲイルモン,1,ハリケーンスライサー
galemon,ゲイルモン,2,トルネードスロワー
pteromon,プテロモン,1,ウィンドスライサー
pteromon,プテロモン,2,ランブルクロー
takutoumon,タクトウモン,1,天星斬
takutoumon,タクトウモン,2,鉄天摧砕
fenriloogamon_takemikazuchi,フェンリルガモン：建御雷神(タケミカヅチ),1,終極戦刃建御雷神（シュウキョクセンジンタケミカヅチ）
fenriloogamon_takemikazuchi,フェンリルガモン：建御雷神(タケミカヅチ),2,絶極舞刀建御雷神（ゼツゴクブトウタケミカヅチ）
bigukkomon,ビッグウッコモン,1,ヴァイオレントパニッシャー
ukkomon,ウッコモン,1,ワールプールスピン
ukkomon,ウッコモン,2,ライアードリーム
dijiangmon,ディージャンモン,1,凶旋壊（きょうせんかい）
dijiangmon,ディージャンモン,2,咒煉衝刻（じゅれんしょうこく）
dijiangmon,ディージャンモン,3,渾沌亜空虚（こんとんあくうきょ）
xingtianmon,シンテンモン,1,斧乗炎怒（ふじょうえんど）
xingtianmon,シンテンモン,2,盾射轟哀（じゅんせきごうあい）
xingtianmon,シンテンモン,3,雷鬧（らいどう)
lianpumon,リェンフーモン,1,鉄壁相（てっぺきのそう）
lianpumon,リェンフーモン,2,献身相（けんしんのそう）
lianpumon,リェンフーモン,3,九種九面撃（きゅうしゅきゅうめんげき）
dominimon,ドミニモン,1,ファイナルエクスキャリバー
dominimon,ドミニモン,2,ゼロヘブンズ
dominimon,ドミニモン,3,ディヴォーションフィールド
arkhaiangemon,アルケーエンジェモン,1,セイントレギオン
arkhaiangemon,アルケーエンジェモン,2,ヘブンズフレイム
arkhaiangemon,アルケーエンジェモン,3,ブレイブオーラ
luxmon,ルクスモン,1,ピコナックル
luxmon,ルクスモン,2,クラウドバリア
huanglongmon_ruin,ファンロンモン：ルインモード,1,無極
huanglongmon_ruin,ファンロンモン：ルインモード,2,晦冥葬
moonmon,ムンモン,1,ムーンライトバブル
sunmon,サンモン,1,サンライトバブル
brigadramon,ブリガードラモン,1,ジェノサイドレイン
brigadramon,ブリガードラモン,2,エクサデストロイヤー
hi-commandramon,ハイコマンドラモン,1,DCDグレネード
hi-commandramon,ハイコマンドラモン,2,デストロイチャージ
fenriloogamon,フェンリルガモン,1,ラグナロクハウリング
fenriloogamon,フェンリルガモン,2,ヨトゥンヘイムゲイル
fenriloogamon,フェンリルガモン,3,フローズヴィトニル
helloogarmon,ヘルガルモン,1,ハウリングバースト
helloogarmon,ヘルガルモン,2,インフェルノクロー
helloogarmon,ヘルガルモン,3,ハティエンブレイス
soloogarmon,ソルガルモン,1,プロミネンスレーザー
soloogarmon,ソルガルモン,2,イラプションハウリング
soloogarmon,ソルガルモン,3,スコルレイジ
cargodramon,カーゴドラモン,1,サプレッションストライク
cargodramon,カーゴドラモン,2,スローターブレード
loogarmon,ルガルモン,1,ハウリングバーナー
loogarmon,ルガルモン,2,フレイムブロウ
bowmon,バウモン,1,パピースパーク
fusamon,フサモン,1,パピーノイズ
quantumon,クオンタモン,1,アンリミテッドジャーニー
quantumon,クオンタモン,2,ヘイジータイム
loogamon,ルガモン,1,ハウリングファイア
loogamon,ルガモン,2,スパイラルバイト
proximamon,プロキシマモン,1,エクスティンクションクラウド
proximamon,プロキシマモン,2,ライトオブリクリエイション
arcturusmon,アルクトゥルスモン,1,ブラックデス
arcturusmon,アルクトゥルスモン,2,ブラックコンフェッション
greyknightsmon,グレイナイツモン,1,ギガーススパイラル
greyknightsmon,グレイナイツモン,2,ヘルインシネレート
greyknightsmon,グレイナイツモン,3,デスデストロイヤー
zanmetsumon,ザンメツモン,1,伍連断霊斬（ごれんだんれいざん）
zanmetsumon,ザンメツモン,2,伍重螺旋断（ごじゅうらせんだち）
zanmetsumon,ザンメツモン,3,獄門縛（ごくもんしばり）
bombermon,ボマーモン,1,コンボブラスト
bombermon,ボマーモン,2,リミットエクスプロージョン
ghilliedhumon,ギリードゥモン,1,トゥルーアイズ
ghilliedhumon,ギリードゥモン,2,コアシュート
fumamon,フウマモン,1,燕（つばくろ）
fumamon,フウマモン,2,舎利弗（しゃりほつ）
fumamon,フウマモン,3,黄泉戻（よみもどし）
cthyllamon,クティーラモン,1,バッカルラッシュ
cthyllamon,クティーラモン,2,オーシャンヘル
cthyllamon,クティーラモン,3,アクアグラインダー
regulusmon,レグルスモン,1,カリプバイト
regulusmon,レグルスモン,2,ゲニアス
regulusmon,レグルスモン,3,デッドエンドスパイク
regulusmon,レグルスモン,4,グラントレース
ragnamon,ラグナモン,1,ラグナロク・キャノン
ragnamon,ラグナモン,2,ギムレットガン
ragnamon,ラグナモン,3,スペイザー
ragnamon,ラグナモン,4,シャトルシザーズ
ragnamon,ラグナモン,5,サテライトバスター
ragnamon,ラグナモン,6,フュージョナイズ
destromon,デストロモン,1,3連装砲
destromon,デストロモン,2,ジャガーノートブラスト
destromon,デストロモン,3,ロングレンジバスターキャノン
destromon,デストロモン,4,フュージョナイズ
snatchmon,スナッチモン,1,ルインレーザー
snatchmon,スナッチモン,2,トゥースピア
snatchmon,スナッチモン,3,フュージョナイズ
bemmon,ベムモン,1,メッサークロー
bemmon,ベムモン,2,フュージョナイズ
baalmon_x,バアルモン（X抗体）,1,トゥーリブラスト
baalmon_x,バアルモン（X抗体）,2,ザイカミウチ
baalmon_x,バアルモン（X抗体）,3,アブソマーク
amphimon,アンフィモン,1,クリスタルフリーザー
amphimon,アンフィモン,2,アクアザンバー
amphimon,アンフィモン,3,ライバーンブレイク
amphimon,アンフィモン,4,アンブレディフェンダー
diarbbitmon,ディルビットモン,1,トラスゲイン
diarbbitmon,ディルビットモン,2,ボルジャーグ
diarbbitmon,ディルビットモン,3,バックストラッシュ
siriusmon,シリウスモン,1,フォトンブラスター
siriusmon,シリウスモン,2,コスモブレード
siriusmon,シリウスモン,3,ブレイクエーサー
siriusmon,シリウスモン,4,プラネイトナックル
shinegreymon_ruin,シャイングレイモン： ルインモード,1,コロナブレイズソード
shinegreymon_ruin,シャイングレイモン： ルインモード,2,ファイナルシャイニングバースト
shinegreymon_ruin,シャイングレイモン： ルインモード,3,トリッドヴァイス
chamblemon,シャンブルモン,1,スイーポア
chamblemon,シャンブルモン,2,シャンピオン・ボム
publimon,パブリモン,1,デュアルプレッサー
publimon,パブリモン,2,ジュークラック
oleamon,オウリアモン,1,ジャミール
oleamon,オウリアモン,2,リーフレッド
huankunmon,ファンクンモン,1,孤籠泡（ころうほう）
huankunmon,ファンクンモン,2,冰乱結突（ひょうらんけっとつ）
huankunmon,ファンクンモン,3,潮流旋禍（ちょうりゅうせんか）
xiangpengmon,シャンポンモン,1,雷煌鞭（らいこうべん）
xiangpengmon,シャンポンモン,2,神碎牙（しんさいが）
xiangpengmon,シャンポンモン,3,天星壊海（てんせいかいかい）
xiquemon,シーチューモン,1,瀑閃（ばくせん）
xiquemon,シーチューモン,2,魚流炮（ぎょりゅうほう）
xiquemon,シーチューモン,3,冰凍爪（ひょうとうそう）
imperialdramonfightermode_vi,インペリアルドラモン：ファイターモード（黒）,1,ポジトロンレーザー
imperialdramonfightermode_vi,インペリアルドラモン：ファイターモード（黒）,2,ギガデス
imperialdramonfightermode_vi,インペリアルドラモン：ファイターモード（黒）,3,ポジトロンレーザーランス
greymon_blue_x,グレイモン（青）（X抗体）,1,メガバースト
greymon_blue_x,グレイモン（青）（X抗体）,2,ブレイダーテイル
oboromon,オボロモン,1,千万ノ太刀（ちよろずのたち）
oboromon,オボロモン,2,羅焼門（らしょうもん）
oboromon,オボロモン,3,幽玄（ゆうげん）
gyukimon,ギュウキモン,1,八束染縛（やつかせんばく）
gyukimon,ギュウキモン,2,魔塵瓢箪（まじんびょうたん）
gyukimon,ギュウキモン,3,千砲土蜘蛛（せんほうつちぐも）
shinmonzaemon,しんもんざえモン,1,ナイトメアレイン
shinmonzaemon,しんもんざえモン,2,ファンシーファンタジスタ
shinmonzaemon,しんもんざえモン,3,スイートラブリーアタック
hoverespimon,ホバーエスピモン,1,スタンパーミサイル
hoverespimon,ホバーエスピモン,2,ブレストキャノン
hoverespimon,ホバーエスピモン,3,ドロンガー
hoverespimon,ホバーエスピモン,4,ダイバニッシュ
espimon,エスピモン,1,モットボム
espimon,エスピモン,2,ダイバニッシュ
jupitermmon_wrath,ユピテルモン：ラースモード,1,ケラウノスディバイド
jupitermmon_wrath,ユピテルモン：ラースモード,2,ライトニングビー
jupitermmon_wrath,ユピテルモン：ラースモード,3,ディオスサンダー
plutomon,プルートモン,1,ハガードクラスター
plutomon,プルートモン,2,ヘルズゲート
plutomon,プルートモン,3,ケイオスライツ
ceresmon,ケレスモン,1,アイランドフリーフォール
ceresmon,ケレスモン,2,バーニングブラッドシェル
ceresmon,ケレスモン,3,フルーツフレシェット
bacchusmon,バッカスモン,1,クック・オブ・ザ・ヘル
bacchusmon,バッカスモン,2,パーティー・オブ・ザ・ヘブン
bacchusmon,バッカスモン,3,リバース・オブ・ザ・デッド
junomon_hysteric,ユノモン：ヒステリックモード,1,ウェルカムロスト
junomon_hysteric,ユノモン：ヒステリックモード,2,リングラッジ
junomon_hysteric,ユノモン：ヒステリックモード,3,ライアーバニッシュメント
junomon,ユノモン,1,ニードルハイブ
junomon,ユノモン,2,グレイスランス
junomon,ユノモン,3,ラブバスケット
thetismon,テティスモン,1,ビリースマッシャー
thetismon,テティスモン,2,ハンマーサンダー
thetismon,テティスモン,3,アドゥワールド
thetismon,テティスモン,4,ドクテアーゼ
lamortmon,ラモールモン,1,禍災爪（かさいそう）
lamortmon,ラモールモン,2,叩破伐倒（こうはばっとう）
lamortmon,ラモールモン,3,風牙烈巻迅（ふうがれっかんじん）
lamortmon,ラモールモン,4,豪怨毀永斬（ごうおんきえいざん）
canoweissmon,カノーヴァイスモン,1,ガリアフィッシャー
canoweissmon,カノーヴァイスモン,2,ドラゴニア
canoweissmon,カノーヴァイスモン,3,メテオルクス
canoweissmon,カノーヴァイスモン,4,グランノヴァ
sistermon_ciel_Awake,シスタモン シエル（覚醒）,1,白詰一文字切り（覚醒）
sistermon_ciel_Awake,シスタモン シエル（覚醒）,2,白殺（覚醒）　（びゃくさい）
sistermon_ciel_Awake,シスタモン シエル（覚醒）,3,突蜂（覚醒）　（とっほう）
sistermon_noir_Awake,シスタモン ノワール（覚醒）,1,ミッキーバレット（覚醒）
sistermon_noir_Awake,シスタモン ノワール（覚醒）,2,ブレスファイア（覚醒）
sistermon_noir_Awake,シスタモン ノワール（覚醒）,3,グランドシスタークルス（覚醒）
sistermon_blanc_Awake,シスタモン ブラン（覚醒）,1,ディバインピース(覚醒)
sistermon_blanc_Awake,シスタモン ブラン（覚醒）,2,プロテクトウェーブ(覚醒)
sistermon_blanc_Awake,シスタモン ブラン（覚醒）,3,グランドシスタークルス(覚醒)
gulusgammamon,グルスガンマモン,1,ダークパレス
gulusgammamon,グルスガンマモン,2,デスデモーナ
gulusgammamon,グルスガンマモン,3,デッドエンドスキュアー
teslajellymon,テスラジェリーモン,1,フィサリスト
teslajellymon,テスラジェリーモン,2,パニッシューネ
teslajellymon,テスラジェリーモン,3,ボルスプライト
symbareangoramon,ジンバーアンゴラモン,1,ジャイブ
symbareangoramon,ジンバーアンゴラモン,2,レントライザー
symbareangoramon,ジンバーアンゴラモン,3,ブレイキンストリーム
blacktailmon_uver,ブラックテイルモン Uver.,1,ネコパンチ
blacktailmon_uver,ブラックテイルモン Uver.,2,バコーニャ
weddinmon,ウェディンモン,1,ホイップデコレーション
weddinmon,ウェディンモン,2,ケーキカッティング
weddinmon,ウェディンモン,3,ハピネスフォール
shortmon,ショートモン,1,テイストーン
shortmon,ショートモン,2,スウィートベリー
blackrapidmon,ブラックラピッドモン,1,ラピッドファイア
blackrapidmon,ブラックラピッドモン,2,ゴールデントライアングル
blackgalgomon,ブラックガルゴモン,1,ガトリングアーム
blackgalgomon,ブラックガルゴモン,2,ダムダムアッパー
omegamonzwart_d,オメガモンズワルトDEFEAT,1,ガルルキャノン
omegamonzwart_d,オメガモンズワルトDEFEAT,2,グレイソード
wezengammamon,ウェズンガンマモン,1,セドナ
wezengammamon,ウェズンガンマモン,2,アルビオン
kausgammamon,カウスガンマモン,1,ウルダインパルス
kausgammamon,カウスガンマモン,2,ランベルタキック
betelgammamon,ベテルガンマモン,1,ソルブロー
betelgammamon,ベテルガンマモン,2,ソルショット
abbadomoncore,アバドモンコア,1,エクリプスノーン
abbadomoncore,アバドモンコア,2,ビンジェラード
abbadomoncore,アバドモンコア,3,デスチャージ
abbadomoncore,アバドモンコア,4,ゲーズイレイザー
shoutmonx7_superior,シャウトモンX7：スペリオルモード,1,ファイナルクロスブレード
shoutmonx7_superior,シャウトモンX7：スペリオルモード,2,クロスバーニングロッカー
shoutmonx7_superior,シャウトモンX7：スペリオルモード,3,ダブルフレアバスター
shoutmonx7_superior,シャウトモンX7：スペリオルモード,4,セブンビクトライズ
jellymon,ジェリーモン,1,ビビサンダー
jellymon,ジェリーモン,2,ボルトナックル
jellymon,ジェリーモン,3,スパイラルキック
puyoyomon,プヨヨモン,1,ゾーンパチパチ
puyomon,プヨモン,1,パチパチガス
angoramon,アンゴラモン,1,ダブルラリアット
angoramon,アンゴラモン,2,プチトルネード
angoramon,アンゴラモン,3,ピョンダンプ
bosamon,ボサモン,1,ミッコミ
pyonmon,ピョンモン,1,イヤンタ
gammamon,ガンマモン,1,ホーンアタック
gammamon,ガンマモン,2,ブレイクロー
gurimon,グリモン,1,チクチクアタック
curimon,クリモン,1,泡
abbadomon,アバドモン,1,ゲーズイレイザー
abbadomon,アバドモン,2,ガーライトネス
abbadomon,アバドモン,3,ホワイトライナー
negamon,ネガーモン,1,ダウナーアイ
pilevolcamon,パイルボルケーモン,1,ボルケニックドライバー
pilevolcamon,パイルボルケーモン,2,ダイヤモンドフィスト
raidenmon,ライデンモン,1,キルリアン・ブラント
raidenmon,ライデンモン,2,ライジング・サン
raijinmon,ライジンモン,1,エレクーゲル
raijinmon,ライジンモン,2,ブリッツアーム
dokunemon,ドクネモン,1,ワームベノム
dokunemon,ドクネモン,2,ポイズンライド
modokibetamon,モドキベタモン,1,アクアタワー
modokibetamon,モドキベタモン,2,ブレードフィン
hydramon,ヒュドラモン,1,バイオトキシン
hydramon,ヒュドラモン,2,インテンスランテール
hydramon,ヒュドラモン,3,ディビジョンブレイク
bloomlordmon,ブルムロードモン,1,マルチプルシード
bloomlordmon,ブルムロードモン,2,スプラウトラッシュ
bloomlordmon,ブルムロードモン,3,グラン・デル・ソル
ajatarmon,アヤタラモン,1,アサルトハチェット
ajatarmon,アヤタラモン,2,タイドアップアイビー
ajatarmon,アヤタラモン,3,ショットガンモス
gardromon_gold,ガードロモン（金）,1,ディストラクショングレネード
burgamon_lv4,バーガモン,1,スパイシーオニオン
burgamon_lv4,バーガモン,2,デリシャスパティ
pidmon,ピッドモン,1,ファイアフェザー
pidmon,ピッドモン,2,ピッドスピード
sandyammamon,サンドヤンマモン,1,デザートウィンド
yammamon,ヤンマモン,1,サンダーレイ
yammamon,ヤンマモン,2,インセクスオーム
morishellmon,モリシェルモン,1,パイルシェル
morishellmon,モリシェルモン,2,マインドフォッグ
bombernanimon,ボンバーナニモン,1,フリースローボム
bombernanimon,ボンバーナニモン,2,爆・オヤジパンチ
heraklekabuterimon_x,ヘラクルカブテリモン（X抗体）,1,ギガブラスター
heraklekabuterimon_x,ヘラクルカブテリモン（X抗体）,2,ホーンバスター改
starmon_x,スターモン（X抗体）,1,メテオスコール
starmon_x,スターモン（X抗体）,2,メテオチャンピオン
growmon_x,グラウモン（X抗体）,1,プラズマブレイド
growmon_x,グラウモン（X抗体）,2,エキゾーストフレイム
growmon_x,グラウモン（X抗体）,3,ライデンブレイド
hagurumon_x,ハグルモン（X抗体）,1,ダークネスギア
gaioumon_itto,ガイオウモン：厳刀ノ型,1,旋風縛（せんぷうばく）
gaioumon_itto,ガイオウモン：厳刀ノ型,2,菊燐一閃・號雷斬（きくりんいっせん・ごうらいざん）
gaioumon_itto,ガイオウモン：厳刀ノ型,3,刀華静謐（とうかせいひつ）
brachiomon,ブラキモン,1,ブラキオバブル
kyukimon,キュウキモン,1,ブレイドツイスター
kyukimon,キュウキモン,2,三連星
vermillimon,ヴァーミリモン,1,ヴォルケーノストライクS
vermillimon,ヴァーミリモン,2,ハードタックル
assaultmon,アサルトモン,1,ジャスティスマサカー
assaultmon,アサルトモン,2,サプライズアタック
tekkamon,テッカモン,1,斬電剣
tekkamon,テッカモン,2,スカルスタンド
vulturemon,バルチャモン,1,リーパーストライク
vulturemon,バルチャモン,2,デザートデスサイズ
vulturemon,バルチャモン,3,ウィザーウィング
goromon,ゴロモン,1,ロックブレス
sunamon,スナモン,1,砂かけ
blackkingnumemon,ブラックキングヌメモン,1,ダークピューピル
blackkingnumemon,ブラックキングヌメモン,2,ポイズンミュークス
goldnumemon,ゴールドヌメモン,1,ゴルドリアンラッシュ
goldnumemon,ゴールドヌメモン,2,ゴールドエクスクレメント
gladimon,グラディモン,1,ホイールラッシュ
gladimon,グラディモン,2,ソードダンサー
shoutmonx4k,シャウトモンX4K,1,バーニングスタークラッシャー
shoutmonx4k,シャウトモンX4K,2,スリービクトライズ
shoutmonx4k,シャウトモンX4K,3,スリーインパクト
shoutmonx4k,シャウトモンX4K,4,ビクトライズブーメラン
kodokugumon,コドクグモン,1,ポイズンネイル
yoxtuyoxtumon,ヨッ！ヨッ！モン,1,ラッパーコースター
yoxtuyoxtumon,ヨッ！ヨッ！モン,2,ワンハンド・スイング
yoxtuyoxtumon,ヨッ！ヨッ！モン,3,トルペド・クロッシング
minidekachimon,ミニデカチモン,1,コッチョン
minidekachimon,ミニデカチモン,2,ミニデカフレイム
atamadekachimon,アタマデカチモン,1,鼓・爆砕
atamadekachimon,アタマデカチモン,2,頭つぶし
atamadekachimon,アタマデカチモン,3,ミニデカフレイム
trailmon,トレイルモン,1,クールランニング
trailmon,トレイルモン,2,急ブレーキスパーク
greatkingscumon,スカモン大王,1,ウンチ投げ
greatkingscumon,スカモン大王,2,キングスタンプ
shroudmon,シュラウドモン,1,鬼瞬轟拳（きしゅんごうけん）
shroudmon,シュラウドモン,2,獄炎破回蹴（ごくえんはかいしゅう）
shroudmon,シュラウドモン,3,喰雷炎砕破（がらいえんさいは）
frosvelgrmon,フロスベルグモン,1,イノセンスブリザード
frosvelgrmon,フロスベルグモン,2,フリージングレイ
frosvelgrmon,フロスベルグモン,3,ルインリバーヴ
frozomon,フロゾモン,1,リムーバルブロウ
frozomon,フロゾモン,2,デフロストブレード
frozomon,フロゾモン,3,グラシエイトミサイル
hiyarimon,ヒヤリモン,1,ダイアモンドダスト
blackseraphimon,ブラックセラフィモン,1,セブンヘルズ
blackseraphimon,ブラックセラフィモン,2,テスタメント
rareraremon,レアレアモン,1,ダイジェス
rareraremon,レアレアモン,2,ディケイズン
climbmon,クライモン,1,擬遁アイソレーション（ぎとんあいそれーしょん）
climbmon,クライモン,2,クラックハーケン
climbmon,クライモン,3,ダイナミックサイファー
divemon,ダイブモン,1,フィレットブレード
divemon,ダイブモン,2,リップルエッジ
divemon,ダイブモン,3,リキッドヴェール
clearagumon,クリアアグモン,1,プレシャスフレア
clearagumon,クリアアグモン,2,ドリームミサイル
bancholilimon,バンチョーリリモン,1,アブソリュートテリトリー
bancholilimon,バンチョーリリモン,2,ナイトメアアッセンブル
bancholilimon,バンチョーリリモン,3,トゥインペタル
metalgreymon_va_x,メタルグレイモン（ワクチン種）（Ｘ抗体）,1,トライデントアームＶＥＲ９.９
metalgreymon_va_x,メタルグレイモン（ワクチン種）（Ｘ抗体）,2,ギガデストロイヤー
panjyamon_x,パンジャモン（Ｘ抗体）,1,氷獣拳
panjyamon_x,パンジャモン（Ｘ抗体）,2,雪花火
metalmamemon_x,メタルマメモン（Ｘ抗体）,1,エネルギーボム
metalmamemon_x,メタルマメモン（Ｘ抗体）,2,エネルギーレーザーボム
thunderballmon_x,サンダーボールモン（Ｘ抗体）,1,アノードパンチ
thunderballmon_x,サンダーボールモン（Ｘ抗体）,2,カソードキック
thunderballmon_x,サンダーボールモン（Ｘ抗体）,3,サンダーボマー
monochromon_x,モノクロモン（Ｘ抗体）,1,ヴォルケーノストライク
monochromon_x,モノクロモン（Ｘ抗体）,2,トマホークスラッシュ
dobermon_x,ドーベルモン（Ｘ抗体）,1,グラオ・レルム
dobermon_x,ドーベルモン（Ｘ抗体）,2,シュヴァルツ・シュトラール
gesomon_x,ゲソモン（Ｘ抗体）,1,デッドリーシェード
gesomon_x,ゲソモン（Ｘ抗体）,2,マッドバイキング
gottsumon_x,ゴツモン（Ｘ抗体）,1,アングリーロック
gottsumon_x,ゴツモン（Ｘ抗体）,2,レイジロック
ganimon_x,ガニモン（Ｘ抗体）,1,シザーズエクスキューション
ganimon_x,ガニモン（Ｘ抗体）,2,ヘビークランチ
guilmon_x,ギルモン（Ｘ抗体）,1,ロックブレイカー
guilmon_x,ギルモン（Ｘ抗体）,2,ファイアーボール
guilmon_x,ギルモン（Ｘ抗体）,3,ファイアーミット
shoutmon_ex6,シャウトモンEX6,1,ソル・キャリバー
shoutmon_ex6,シャウトモンEX6,2,デモリッションホーン
shoutmon_ex6,シャウトモンEX6,3,リュウセイロックダマシー
torikaraballmon,とりからボールモン,1,植物性の泡
burgamon,バーガモン,1,デリシャスパティ
burgamon,バーガモン,2,グリーンピクルス
potamon,ポテモン,1,シュバシュバポテト
potamon,ポテモン,2,バッシュドポテト
achillesmon,アキレウスモン,1,アネモダルメノス
achillesmon,アキレウスモン,2,アステロイディス
achillesmon,アキレウスモン,3,ロンヒ・アディスタクト
shivamon,シーヴァモン,1,クータスタ・キラナ
shivamon,シーヴァモン,2,カマラ・カルマ
shivamon,シーヴァモン,3,サマディ・シャンティ
kazuchimon,カヅチモン,1,二刀勢雷（にとうせいらい）
kazuchimon,カヅチモン,2,士道一徹（しどういってつ）
kazuchimon,カヅチモン,3,神電召雷光（しんでんしょうらいこう）
pistmon,ピストモン,1,ブランブルショット
pistmon,ピストモン,2,クリムゾンスポアーズ
pistmon,ピストモン,3,キリングケイデンス
tempomon,テンポモン,1,リズミック・アーツ
tempomon,テンポモン,2,ハウリングブラスト
tempomon,テンポモン,3,アップビートツイスター
shootmon,シュートモン,1,キャノンボールシューター
shootmon,シュートモン,2,ワイルドピッチ
shootmon,シュートモン,3,ラウンドジェイル
boutmon,バウトモン,1,雷撃踵（らいげきしょう）
boutmon,バウトモン,2,武電破弾（ぶでんはだん）
boutmon,バウトモン,3,迅雷廻天戟（じんらいかいてんげき）
mitamamon,ミタマモン,1,轟炎輪（ごうえんりん）
mitamamon,ミタマモン,2,灰迅雷瞳（かいじんらいどう）
mitamamon,ミタマモン,3,響香水月（きょうかすいげつ）
lovelyangemon,ラブリーエンジェモン,1,マーブルインパクト
lovelyangemon,ラブリーエンジェモン,2,ドリームハリケーン
lovelyangemon,ラブリーエンジェモン,3,ラブリーシャワー
bibimon,ビビモン,1,ミニマルフラッシュ
dokimon,ドキモン,1,静電気
namakemon,ナマケモン,1,ウンチ投げ
namakemon,ナマケモン,2,パラライズリック
runnermon,ランナモン,1,ライトニングラッシュ
runnermon,ランナモン,2,ハートビートインパルス
exermon,エキサモン,1,インセクマインド
exermon,エキサモン,2,デフィブレイショック
bulkmon,バルクモン,1,エレクトリカルフィスト
bulkmon,バルクモン,2,サンダードレッド
komondomon,コモンドモン,1,ワイワイパー
komondomon,コモンドモン,2,マッシグラン
pulsemon,パルスモン,1,エレキラッシュ
pulsemon,パルスモン,2,プチインパルス
omegamon_merciful,オメガモン：マーシフルモード,1,雅琉々砲（がるるほう）
omegamon_merciful,オメガモン：マーシフルモード,2,虞玲刀（ぐれいとう）
donedevimon,ダンデビモン,1,デストロイクロウ
donedevimon,ダンデビモン,2,アルティメットフレア
donedevimon,ダンデビモン,3,マイアスピウ
waregarurumon_sagittarius,ワーガルルモン：サジタリウスモード,1,カウスラッガー
waregarurumon_sagittarius,ワーガルルモン：サジタリウスモード,2,アルナスショット
waregarurumon_sagittarius,ワーガルルモン：サジタリウスモード,3,カイザーネイル
imperialdramon_dragon_black,インペリアルドラモン：ドラゴンモード(黒),1,メガデス
manticoremon,マンティコアモン,1,トリニティゴスペル
manticoremon,マンティコアモン,2,アシッドインジェクション
mimicmon,ミミックモン,1,デッドショット
mimicmon,ミミックモン,2,ヒンダーマイアズマ
baluchimon,バルキモン,1,サイキックチェーン
baluchimon,バルキモン,2,クラウドビジョン
darkmaildramon,ダークメイルドラモン,1,ダークウィング
metalgreymon_alter,メタルグレイモン：アルタラウスモード,1,ポジトロンブラスター
metalgreymon_alter,メタルグレイモン：アルタラウスモード,2,アルタブレード
metalgreymon_alter,メタルグレイモン：アルタラウスモード,3,ギガデストロイヤー
metalgreymon_alter,メタルグレイモン：アルタラウスモード,4,トライデントアーム
metalgreymon_alter,メタルグレイモン：アルタラウスモード,5,ジガストーム
rebellimon,リベリモン,1,ヴァンキッシュミサイル
rebellimon,リベリモン,2,マキシマムデモリッシャー
machmon,マッハモン,1,フルスロットルエッジ
machmon,マッハモン,2,マッドネスファイア
junkmon,ジャンクモン,1,パラボリックジャンク
junkmon,ジャンクモン,2,スクラップティース
heavyleomon,ヘヴィーレオモン,1,バレッジスイーパー
heavyleomon,ヘヴィーレオモン,2,レスティングバーナー
heavyleomon,ヘヴィーレオモン,3,ソニックエクスカベーター
hopmon,ホップモン,1,ホップヒップ
ketomon,ケトモン,1,ポッピンティア
nidhoggmon,ニーズヘッグモン,1,アナイアレンション
nidhoggmon,ニーズヘッグモン,2,ルウダメント
entmon,エントモン,1,ドライアドスティンガー
entmon,エントモン,2,ブラステッドディザスター
parasaurmon,パラサウモン,1,パルシースイート
parasaurmon,パラサウモン,2,ウェイビーオクタヴィスト
toropiamon,トロピアモン,1,ペタリーカーネイジ
toropiamon,トロピアモン,2,トロピカルヴェノム
pomumon,ポームモン,1,ラピッドシード
pomumon,ポームモン,2,フルーツラッシュ
eyesmon_scatter,アイズモン：スキャッターモード,1,邪念眼
eyesmon_scatter,アイズモン：スキャッターモード,2,影縛り
eyesmon,アイズモン,1,邪念眼
eyesmon,アイズモン,2,愚幻
betamon_x,ベタモン（X抗体）,1,電撃ビリリン185V
betamon_x,ベタモン（X抗体）,2,電撃ビリリン
gazimon_x,ガジモン（X抗体）,1,パラライズブレス
gazimon_x,ガジモン（X抗体）,2,ブービーピット
algomon_lv1,アルゴモン,1,酸の泡
ghostmon,ゴースモン,1,リトルプラズマ
ghostmon,ゴースモン,2,ジャックレイド
regalecusmon,レガレクスモン,1,ブリューナストライク
regalecusmon,レガレクスモン,2,リアクターディスチャージ
piranimon,ピラニモン,1,クルーアルインバイト
piranimon,ピラニモン,2,カラミティバイス
gusokumon,グソクモン,1,ブラントクロー
gusokumon,グソクモン,2,コロニートーピード
marinchimairamon,マリンキメラモン,1,ポセイドンボルテックス
marinchimairamon,マリンキメラモン,2,アクア・バイパー
tobiumon,トビウモン,1,サッカーフィッシュダーツ
tobiumon,トビウモン,2,フライングフィニッシュ
sangomon,サンゴモン,1,レフュージミスト
sangomon,サンゴモン,2,コーラルプレッシャー
gogmamon,ゴグマモン,1,ジャイアントグレイター
gogmamon,ゴグマモン,2,カース・リフレクション
baboongamon,バブンガモン,1,マウントストーン
baboongamon,バブンガモン,2,グライドロックス
sunarizamon,スナリザモン,1,グリットネイル
sunarizamon,スナリザモン,2,サンドブラスト
jewelbeemon,ジュエルビーモン,1,スパイクバスター
hudiemon,フーディエモン,1,フライングキック
hudiemon,フーディエモン,2,インフィニティドリーム
arresterdramon_superior,アレスタードラモン：スペリオルモード,1,ブレイズスパイカー
arresterdramon_superior,アレスタードラモン：スペリオルモード,2,マッハフリッカー
arresterdramon_superior,アレスタードラモン：スペリオルモード,3,フロッグショット
arresterdramon_superior,アレスタードラモン：スペリオルモード,4,スピンカリバー
arresterdramon_superior,アレスタードラモン：スペリオルモード,5,スパイラルシュレッダー
arresterdramon_superior,アレスタードラモン：スペリオルモード,6,プリズムギャレット
garurumon_x,ガルルモン（X抗体）,1,フォックスファイアー
greymon_x,グレイモン（X抗体）,1,メガフレイム
greymon_x,グレイモン（X抗体）,2,メガバースト
algomon_lv4,アルゴモン,1,ボルトライン
algomon_lv4,アルゴモン,2,インプリズメント
algomon_lv3,アルゴモン,1,ブルートナックル
algomon_lv3,アルゴモン,2,インプリズメント
algomon_lv2,アルゴモン,1,酸の泡
spadamon,スパーダモン,1,シュガーパウンド
spadamon,スパーダモン,2,ブルーブレイブ
spadamon,スパーダモン,3,オーロラブレイザー
morphomon,モルフォモン,1,リンリンテラピー
eosmon_lv6,エオスモン,1,オーロラストリーム
eosmon_lv6,エオスモン,2,カッティングエッジ
eosmon_lv6,エオスモン,3,クルーティレイン
gabumon_kizuna,ガブモン -友情の絆-,1,フルメタルマシンガン
gabumon_kizuna,ガブモン -友情の絆-,2,クールエッジ
gabumon_kizuna,ガブモン -友情の絆-,3,ムーンテンス
gabumon_kizuna,ガブモン -友情の絆-,4,レドルスター
agumon_kizuna,アグモン -勇気の絆-,1,レッドリーマー
agumon_kizuna,アグモン -勇気の絆-,2,ストラッシュサラマンダー
agumon_kizuna,アグモン -勇気の絆-,3,ガイアブレイブ
eosmon_lv5,エオスモン,1,ビートプレス
eosmon_lv5,エオスモン,2,ヘクサンダー
eosmon_lv5,エオスモン,3,カッティングエッジ
eosmon_lv4,エオスモン,1,ミラーガード
eosmon_lv4,エオスモン,2,ミラーダスト
eosmon_lv4,エオスモン,3,ボールトリプ
tonosamamamemon,トノサママメモン,1,天晴れ桜
tonosamamamemon,トノサママメモン,2,扇子返し
omegamon_zwart,オメガモン ズワルト,1,ガルルキャノン
omegamon_zwart,オメガモン ズワルト,2,グレイソード
terriermon_assistant,テリアモン助手,1,ダイバッチグー
terriermon_assistant,テリアモン助手,2,プチツイスター
cryspaledramon,クリスペイルドラモン,1,フローズンクロー
cryspaledramon,クリスペイルドラモン,2,カロスディメンション
metallicdramon,メタリックドラモン,1,レーザーカノン
metallicdramon,メタリックドラモン,2,レーザーサーベル
jazarichmon,ジャザリッヒモン,1,メッサースパイラル
jazarichmon,ジャザリッヒモン,2,N・S・B・M
jazardmon,ジャザードモン,1,レーザーアイ
jazardmon,ジャザードモン,2,ソニックバルカン
jazamon,ジャザモン,1,ココンピック
hexeblaumon,ヘクセブラウモン,1,サモンフロスト
hexeblaumon,ヘクセブラウモン,2,ヘクトエッジブリザード
hexeblaumon,ヘクセブラウモン,3,アブソリュートブラスト
paledramon,ペイルドラモン,1,アイスエイジ
paledramon,ペイルドラモン,2,メテオヘイル
noblepumpmon,ノーブルパンプモン,1,トリックオアトリート・ウォレス
noblepumpmon,ノーブルパンプモン,2,アトランティックダム
noblepumpmon,ノーブルパンプモン,3,ワッサムリングジャック
ogudomon_x,オグドモン（X抗体）,1,デスティニー・デス・デストラクション（Death3）
jesmongx,ジエスモンGX,1,聖拳滅破
jesmongx,ジエスモンGX,2,ナイツ・イントルーダー
keramon_x,ケラモン（X抗体）,1,クレイジーギグル
omegashoutmon_x,オメガシャウトモン（X抗体）,1,フレアロックダマシー
omegashoutmon_x,オメガシャウトモン（X抗体）,2,ヘヴィヒートバルカン
omegashoutmon_x,オメガシャウトモン（X抗体）,3,ジアルマグナム
omegashoutmon_x,オメガシャウトモン（X抗体）,4,オメガ・ザ・フュージョン
meramon_x,メラモン（X抗体）,1,エクスラディケート
pegasmon_x,ペガスモン（X抗体）,1,メテオライザー
pegasmon_x,ペガスモン（X抗体）,2,ゴールデンスクエア
pegasmon_x,ペガスモン（X抗体）,3,シークレッドウォール
rapidmon_x,ラピッドモン（X抗体）,1,ラピッドブラスター
rapidmon_x,ラピッドモン（X抗体）,2,レーザーガトリングアーム
rapidmon_x,ラピッドモン（X抗体）,3,ビリオンバレット
monzaemon_x,もんざえモン（X抗体）,1,ラブリースプラッシュ
gankoomon_x,ガンクゥモン（X抗体）,1,究極戦技天仰拳
gankoomon_x,ガンクゥモン（X抗体）,2,鉄ゲタ張り手
examon_x,エグザモン（X抗体）,1,ペンドラゴンスパークル
examon_x,エグザモン（X抗体）,2,雷剣ブレイラガハ
cyberdramon_x,サイバードラモン（X抗体）,1,エクストリームテイラー
cyberdramon_x,サイバードラモン（X抗体）,2,イレイズクロー
rizegreymon_x,ライズグレイモン（X抗体）,1,サンライズバスター
rizegreymon_x,ライズグレイモン（X抗体）,2,ザンスラスト
hououmon_x,ホウオウモン（X抗体）,1,スターライトエクスプロージョン
justimon_x,ジャスティモン（X抗体）,1,ジャスティスXキック
justimon_x,ジャスティモン（X抗体）,2,ジャスティスXパンチ
justimon_x,ジャスティモン（X抗体）,3,ジャスティスXブレード
wizarmon_x,ウィザーモン（X抗体）,1,ボルトブレイク
wizarmon_x,ウィザーモン（X抗体）,2,サンダークラウド
siesamon_x,シーサモン（X抗体）,1,胡劉球（こりゅうきゅう）
siesamon_x,シーサモン（X抗体）,2,石敢当（せっかんとう）
siesamon_x,シーサモン（X抗体）,3,ティーダ・イヤ
cherubimon_x,ケルビモン（善）（X抗体）,1,ビリリンハギュー
cherubimon_x,ケルビモン（善）（X抗体）,2,ライトニングスピア
cherubimon_x,ケルビモン（善）（X抗体）,3,ヘブンズ・ジャッジメント
ofanimon_x,オファニモン（X抗体）,1,ホーリーマテリアル
ofanimon_x,オファニモン（X抗体）,2,エデンスランス
angewomon_x,エンジェウーモン（X抗体）,1,グランドホーリーアロー
angewomon_x,エンジェウーモン（X抗体）,2,ヘブンズチャーム
diablomon_x,ディアボロモン（Ｘ抗体）,1,スプーキーザッパー
diablomon_x,ディアボロモン（Ｘ抗体）,2,フェイタルゲイズ
diablomon_x,ディアボロモン（Ｘ抗体）,3,リワインドアビス13（サーティーン）
dynasmon_x,デュナスモン（X抗体）,1,ドラゴンズロア
dynasmon_x,デュナスモン（X抗体）,2,ブレス・オブ・ワイバーン
dynasmon_x,デュナスモン（X抗体）,3,ドラゴンズガスト
duftmon_x,ドゥフトモン（X抗体）,1,アウススターベン
duftmon_x,ドゥフトモン（X抗体）,2,ブラオンネーベル
duftmon_x,ドゥフトモン（X抗体）,3,アイネ・ビリオン
holydramon_x,ホーリードラモン（X抗体）,1,ホーリーフレイム
holydramon_x,ホーリードラモン（X抗体）,2,ホーリーブレイズ
plesiomon_x,プレシオモン（X抗体）,1,ソローブルー
plesiomon_x,プレシオモン（X抗体）,2,ファンタジーミスト
goddramon_x,ゴッドドラモン（X抗体）,1,ゴッドフレイム
goddramon_x,ゴッドドラモン（X抗体）,2,ゴッドフィスト
garudamon_x,ガルダモン（X抗体）,1,シャドーウィング
tailmon_x,テイルモン（X抗体）,1,ネコパンチ
tailmon_x,テイルモン（X抗体）,2,ホーリーチャイム
togemon_x,トゲモン（X抗体）,1,チクチクバンバン
togemon_x,トゲモン（X抗体）,2,チクチクバムバム
tylomon_x,ティロモン（X抗体）,1,トーピードアタック
tylomon_x,ティロモン（X抗体）,2,シックルストリーム
lopmon_x,ロップモン（X抗体）,1,ブレイジングアイス
lopmon_x,ロップモン（X抗体）,2,プチツイスター
lopmon_x,ロップモン（X抗体）,3,ファロストタイフーン
shakomon_x,シャコモン（X抗体）,1,ブラックパール
terriermon_x,テリアモン（X抗体）,1,ブレイジングファイア
terriermon_x,テリアモン（X抗体）,2,プチツイスター
terriermon_x,テリアモン（X抗体）,3,ファロストタイフーン
palmon_x,パルモン（X抗体）,1,ポイズンアイビー
palmon_x,パルモン（X抗体）,2,ＲＧＢハーブ
pteranomon_x,プテラノモン（X抗体）,1,ビークピアス
pteranomon_x,プテラノモン（X抗体）,2,ネイルコーム
mamemon_x,マメモン（X抗体）,1,スマイリーボム
mamemon_x,マメモン（X抗体）,2,ボムシング
ebemon_x,イーバモン（X抗体）,1,ブレインラプチュアー
ebemon_x,イーバモン（X抗体）,2,プラネットデストロイヤー
ebemon_x,イーバモン（X抗体）,3,プラネットデストロイヤージャスティス
sleipmon_x,スレイプモン（X抗体）,1,スルトブランダー
sleipmon_x,スレイプモン（X抗体）,2,ニヴルヘイムアレスト
craniummon_x,クレニアムモン（X抗体）,1,グランドグリーズル
craniummon_x,クレニアムモン（X抗体）,2,ヒャズニング・ワルツ
ulforcevdramon_x,アルフォースブイドラモン（X抗体）,1,シャイニングＶフォース
magnamon_x,マグナモン（X抗体）,1,プラズマシュート
magnamon_x,マグナモン（X抗体）,2,シャイニングゴールドソーラーストーム
megaseadramon_x,メガシードラモン（X抗体）,1,サンダージャベリン
megaseadramon_x,メガシードラモン（X抗体）,2,キングジャベリン
triceramon_x,トリケラモン（X抗体）,1,トライホーンアタック
triceramon_x,トリケラモン（X抗体）,2,ゴールデントライホーンアタック
okuwamon_x,オオクワモン（X抗体）,1,シザーアームズΩ３^３
mantaraymon_x,マンタレイモン（X抗体）,1,パラライズテイル
mantaraymon_x,マンタレイモン（X抗体）,2,パラライズ・ボム
nefertimon_x,ネフェルティモン（X抗体）,1,カースオブクィーン
nefertimon_x,ネフェルティモン（X抗体）,2,ロゼッタストーン
nefertimon_x,ネフェルティモン（X抗体）,3,カルトゥーシュ
seadramon_x,シードラモン（X抗体）,1,アイスアロー
seadramon_x,シードラモン（X抗体）,2,アイススピアー
kuwagamon_x,クワガーモン（X抗体）,1,シザーアームズ
kuwagamon_x,クワガーモン（X抗体）,2,クランチアーム
allomon_x,アロモン（X抗体）,1,ディノバースト
allomon_x,アロモン（X抗体）,2,ディノフラッシュ
gomamon_x,ゴマモン（X抗体）,1,マーチングフィッシィーズ
kokuwamon_x,コクワモン（X抗体）,1,シザーアームズミニ
blackwargreymon_x,ブラックウォーグレイモン（X抗体）,1,暗黒のガイアフォース
blackwargreymon_x,ブラックウォーグレイモン（X抗体）,2,ハデスフォース
blackwargreymon_x,ブラックウォーグレイモン（X抗体）,3,アフターバースト
ladydevimon_x,レディーデビモン（Ｘ抗体）,1,グレイエム
ladydevimon_x,レディーデビモン（Ｘ抗体）,2,エンデブレッヘン
metalgreymon_vi_x,メタルグレイモン（ウィルス種）（Ｘ抗体）,1,エネルギアブリッツ
metalgreymon_vi_x,メタルグレイモン（ウィルス種）（Ｘ抗体）,2,パンデミックデストロイヤー
orgemon_x,オーガモン（Ｘ抗体）,1,覇王拳
orgemon_x,オーガモン（Ｘ抗体）,2,WEEK END
agumon_b_x,アグモン（黒）（Ｘ抗体）,1,BBバーナー
rasenmon,ラセンモン,1,ジャイロスマッシュ
rasenmon,ラセンモン,2,クオリアライズブラスト
rasenmon,ラセンモン,3,スパイラルヴァニッシュ
rasenmon_f,ラセンモン：激昂モード,1,デスペレイトボルテックス
rasenmon_f,ラセンモン：激昂モード,2,プレデターズバイト
rasenmon_f,ラセンモン：激昂モード,3,スパイラル・ヘル
stiffilmon,スティフィルモン,1,ギガクリムゾンダイブ
stiffilmon,スティフィルモン,2,ヴァーミリオンボルテックス
filmon,フィルモン,1,ライトニングスティンガー
filmon,フィルモン,2,クリムゾンスラッシュ
rosemon_x,ロゼモン（X抗体）,1,ソーンウィップ
rosemon_x,ロゼモン（X抗体）,2,ローゼンブラッド
princemamemon_x,プリンスマメモン（X抗体）,1,スマイリーウォーヘッド
princemamemon_x,プリンスマメモン（X抗体）,2,デルモウォーキング
skullmammon_x,スカルマンモン（X抗体）,1,スパイラルボーン
skullmammon_x,スカルマンモン（X抗体）,2,ジャイアントクラッシュボーン
mammon_x,マンモン（X抗体）,1,タスクストライクス
mammon_x,マンモン（X抗体）,2,ツンドラブレス
mammon_x,マンモン（X抗体）,3,ジオメトリックフリーザー
mephismon_x,メフィスモン（Ｘ抗体）,1,ヘルマニア
mephismon_x,メフィスモン（Ｘ抗体）,2,メリーメリーデストラクション
vamdemon_x,ヴァンデモン（X抗体）,1,ヴァンパイアセオリー
vamdemon_x,ヴァンデモン（X抗体）,2,ブラッディドレイン
plotmon_x,プロットモン（X抗体）,1,パピーハウリング
plotmon_x,プロットモン（X抗体）,2,パピーポー
otamamon_x,オタマモン（X抗体）,1,ララバイバブル
otamamon_x,オタマモン（X抗体）,2,スマイリーヘッドバット
yarmon,ヤーモン,1,ペイントスプラッシュ
keemon,キーモン,1,プシュー
impmon_x,インプモン（Ｘ抗体）,1,ナイト・オブ・ファイアー
impmon_x,インプモン（Ｘ抗体）,2,サモンチェイサー
darktyranomon_x,ダークティラノモン（Ｘ抗体）,1,ファイアーブラスト
darktyranomon_x,ダークティラノモン（Ｘ抗体）,2,フレイムスナッチ
numemon_x,ヌメモン（Ｘ抗体）,1,ウンチラッシュ
lucemon_x,ルーチェモン（Ｘ抗体）,1,パラダイスロスト
lucemon_x,ルーチェモン（Ｘ抗体）,2,パーガトリアルフレイム
lucemon_x,ルーチェモン（Ｘ抗体）,3,セブンス・ディバイン・クルス
lilithmon_x,リリスモン（Ｘ抗体）,1,ナザルネイル
lilithmon_x,リリスモン（Ｘ抗体）,2,ファントムペイン
lilithmon_x,リリスモン（Ｘ抗体）,3,セブンス・ファシネイト
leviamon_x,リヴァイアモン（Ｘ抗体）,1,カウダ・モルティフェラ
leviamon_x,リヴァイアモン（Ｘ抗体）,2,ロストルム・トリアデンス
leviamon_x,リヴァイアモン（Ｘ抗体）,3,セブンス・ライトニング
belphemon_x,ベルフェモン（Ｘ抗体）,1,ランプランツス
belphemon_x,ベルフェモン（Ｘ抗体）,2,ギフトオブダークネス
belphemon_x,ベルフェモン（Ｘ抗体）,3,セブンス・ペネトレート
barbamon_x,バルバモン（Ｘ抗体）,1,デスルアー
barbamon_x,バルバモン（Ｘ抗体）,2,パンデモニウムロスト
barbamon_x,バルバモン（Ｘ抗体）,3,セブンス・ジュエライズ
demon_x,デーモン（Ｘ抗体）,1,フレイムインフェルノ
demon_x,デーモン（Ｘ抗体）,2,セブンス・グラビトン
demon_x,デーモン（Ｘ抗体）,3,インフェルノバースト
darkknightmon_x,ダークナイトモン（Ｘ抗体）,1,クルーエルトルネード
darkknightmon_x,ダークナイトモン（Ｘ抗体）,2,デッドリーブレイクロスト
darkknightmon_x,ダークナイトモン（Ｘ抗体）,3,アンデッドソルジャー
cherubimondark_x,ケルビモン（悪）（Ｘ抗体）,1,ライトニングスピア
cherubimondark_x,ケルビモン（悪）（Ｘ抗体）,2,ヘブンズ・ジャッジメント
cherubimondark_x,ケルビモン（悪）（Ｘ抗体）,3,ダークネスプリズン
ofanimonfdm_x,オファニモン：フォールダウンモード（Ｘ抗体）,1,デモンズクリスタル
ofanimonfdm_x,オファニモン：フォールダウンモード（Ｘ抗体）,2,フレイムヘルサイズ
ofanimonfdm_x,オファニモン：フォールダウンモード（Ｘ抗体）,3,ビヘッドスラッシャー
ultimatechaosmon,アルティメットカオスモン,1,ブロウクンデストロイ
ultimatechaosmon,アルティメットカオスモン,2,ウルティマバースト
pusurimon,プスリモン,1,チクチクローリング
pusumon,プスモン,1,おしゃぶり
surfimon,サーフィモン,1,バリアブレード
surfimon,サーフィモン,2,ライトニングカッター
bulucomon,ブルコモン,1,ベビーヘイル
bulucomon,ブルコモン,2,アイスマッシュ
herissmon,エリスモン,1,ライトニングファー
herissmon,エリスモン,2,ケンザンダイブ
metalgarurumon_black,メタルガルルモン（黒）,1,コキュートスブレス
metalgarurumon_black,メタルガルルモン（黒）,2,ガルルトマホーク
metalgarurumon_black,メタルガルルモン（黒）,3,グレイスクロスフリーザー
weregarurumon_black,ワーガルルモン（黒）,1,カイザーネイル
garurumon_black,ガルルモン（黒）,1,フォックスファイアー
justimon_blitzarm,ジャスティモン：ブリッツアーム,1,トリニティーアーム
justimon_blitzarm,ジャスティモン：ブリッツアーム,2,ジャスティスキック
ginkakumon_promote,ギンカクモンプロモート,1,火電鬼爆波（ひでんきばくは）
icedevimon,アイスデビモン,1,フロストクロー
kuzuhamon_miko,クズハモン：巫女モード,1,裏飯綱（うらいづな）
kuzuhamon_miko,クズハモン：巫女モード,2,胎蔵界曼荼羅（たいぞうかいまんだら）
megalograwmon_orange,メガログラウモン（橙）,1,ダブルエッジ
megalograwmon_orange,メガログラウモン（橙）,2,アトミックブラスター
greymon_blue,グレイモン（青）,1,メガフレイム
shoutmon_king,シャウトモン（キングVer.）,1,ロックダマシー
shoutmon_king,シャウトモン（キングVer.）,2,ソウルクラッシャー
shoutmon_king,シャウトモン（キングVer.）,3,ラウディロッカー
wargreymon_x,ウォーグレイモン（X抗体）,1,ガイアフォースＺＥＲＯ
wargreymon_x,ウォーグレイモン（X抗体）,2,アフターバースト
metalgarurumon_x,メタルガルルモン（X抗体）,1,メタルストーム
metalgarurumon_x,メタルガルルモン（X抗体）,2,コキュートスブレス
megidramon_x,メギドラモン（X抗体）,1,ヘル・ハウリング
megidramon_x,メギドラモン（X抗体）,2,メギドフレイム
weregarurumon_x,ワーガルルモン（X抗体）,1,カイザーネイル
lilimon_x,リリモン（X抗体）,1,スリーピーバッド
lilimon_x,リリモン（X抗体）,2,フラウカノン
sakuyamon_x,サクヤモン（Ｘ抗体）,1,金剛界曼荼羅（こんごうかいまんだら）
sakuyamon_x,サクヤモン（Ｘ抗体）,2,此ノ花戦姫万象（このはなせんきばんしょう）
sakuyamon_x,サクヤモン（Ｘ抗体）,3,宇迦之御魂（うかのみたま）
beelzebumon_x,ベルゼブモン（X抗体）,1,グラトニーフレア
beelzebumon_x,ベルゼブモン（X抗体）,2,ダークネスクロウ
beelzebumon_x,ベルゼブモン（X抗体）,3,ダブルインパクト
beelzebumon_x,ベルゼブモン（X抗体）,4,セブンス・フルクラスター
megalogrowmon_x,メガログラウモン（X抗体）,1,ダブルエッジΣ（シグマ）
megalogrowmon_x,メガログラウモン（X抗体）,2,アトミックブラスター
megalogrowmon_x,メガログラウモン（X抗体）,3,アトミックメガロブラスター
rhinomon_x,ライノモン（Ｘ抗体）,1,アイン・ソフ・オウル
rhinomon_x,ライノモン（Ｘ抗体）,2,アトミックブレイド
rhinomon_x,ライノモン（Ｘ抗体）,3,スピリットバースト
renamon_x,レナモン（Ｘ抗体）,1,太極旋（たいきょくせん）
renamon_x,レナモン（Ｘ抗体）,2,狐蝶幻（こちょうげん）
tokomon_x,トコモン（Ｘ抗体）,1,トコトコダイブ
tokomon_x,トコモン（Ｘ抗体）,2,噛み付き
beelstarmon_x,ベルスターモン（Ｘ抗体）,1,ダブルクロウ
beelstarmon_x,ベルスターモン（Ｘ抗体）,2,フライバレット・セグンド
beelstarmon_x,ベルスターモン（Ｘ抗体）,3,ディスタンシア・セロ
dukemon_x,デュークモン（X抗体）,1,ジークセイバー
dukemon_x,デュークモン（X抗体）,2,ファイナル・エリシオン
cerberumon_x,ケルベロモン（X抗体）,1,インフェルノゲート
cerberumon_x,ケルベロモン（X抗体）,2,ヘルファイアー
tyranomon_x,ティラノモン（X抗体）,1,クリムゾンブレス
tyranomon_x,ティラノモン（X抗体）,2,クラッシュローリング
dracomon_x,ドラコモン（X抗体）,1,ベビーブレイズ
dracomon_x,ドラコモン（X抗体）,2,スマッシュホーン
dracomon_x,ドラコモン（X抗体）,3,ジ・シュルネン
gabumon_x,ガブモン（X抗体）,1,プチファイアー
minervamon_x,ミネルヴァモン（X抗体）,1,ホーンテッドピルス
minervamon_x,ミネルヴァモン（X抗体）,2,クレイジーゴーラウンド
minervamon_x,ミネルヴァモン（X抗体）,3,サンクタス・トルメンタム
lordknightmon_x,ロードナイトモン（X抗体）,1,ロードオブフラタニティ
lordknightmon_x,ロードナイトモン（X抗体）,2,ノブレス・オブ・ルージュ
lordknightmon_x,ロードナイトモン（X抗体）,3,究極戦突剣（きゅうきょくせんとつけん）グランローゼリオ
sistermon_ciel,シスタモン シエル,1,白詰一文字切り
sistermon_ciel,シスタモン シエル,2,白殺（びゃくさい）
sistermon_ciel,シスタモン シエル,3,突蜂（とっほう）
metaltyranomon_x,メタルティラノモン（X抗体）,1,ギガデストロイヤーⅡ
metaltyranomon_x,メタルティラノモン（X抗体）,2,ヌークリアレーザーⅡ
leomon_x,レオモン（X抗体）,1,獣王拳
agumon_x,アグモン（X抗体）,1,ベビーフレイム
agumon_x,アグモン（X抗体）,2,ベビーバーナー
jesmon_x,ジエスモン（X抗体）,1,鉄拳断罪
jesmon_x,ジエスモン（X抗体）,2,シュベルトフリューゲル
jesmon_x,ジエスモン（X抗体）,3,究極戦刃聖覇剣（きゅうきょくせんじんせいばけん）
ragnaloardmon,ラグナロードモン,1,ディレクトスマッシャー
ragnaloardmon,ラグナロードモン,2,イグニッションプロミネンス
ragnaloardmon,ラグナロードモン,3,デュエルエッジフロージョン
rafflesimon,ラフレシモン,1,バレエガン
rafflesimon,ラフレシモン,2,ウィスレン
ordinemon,オルディネモン,1,エンド・オブ・ザ・ワールド
ordinemon,オルディネモン,2,マグナヴィジビリティ
ordinemon,オルディネモン,3,サモン・アポカリプス
raptorsparrowmon,ラプタースパロウモン,1,ラプターグラップル
raptorsparrowmon,ラプタースパロウモン,2,クラッシュチャージ
banchogolemon,バンチョーゴーレモン,1,天波返し（てんばがえし）
banchogolemon,バンチョーゴーレモン,2,漢癪ダスト（かんしゃくダスト）
banchogolemon,バンチョーゴーレモン,3,世堀クロードリル（よぼりクロードリル）
cerberumon_werewolfmode,ケルベロモン：人狼モード,1,インフェルノディバイド
cerberumon_werewolfmode,ケルベロモン：人狼モード,2,サーベラスイレイズ
cerberumon_werewolfmode,ケルベロモン：人狼モード,3,ヘルファイアー
growmon_orange,グラウモン（橙）,1,プラズマブレイド
growmon_orange,グラウモン（橙）,2,エキゾーストフレイム
toyagumon_black,トイアグモン（黒）,1,トイフレイム
shootingstarmon,シューティングスターモン,1,アストロボンバー
shootingstarmon,シューティングスターモン,2,ダイナマイトソウル
shootingstarmon,シューティングスターモン,3,リュウセイロックダマシー
justimon_criticalarm,ジャスティモン：クリティカルアーム,1,トリニティーアーム
justimon_criticalarm,ジャスティモン：クリティカルアーム,2,ジャスティスキック
yatagaramon_axcel,ヤタガラモン,1,甕布都神（ミカフツノカミ）
yatagaramon_axcel,ヤタガラモン,2,羽黒（ハグロ）
dinohumon,ディノヒューモン,1,リザードダンス
rapidmon_gold,ラピッドモン,1,ラピッドファイア
rapidmon_gold,ラピッドモン,2,ゴールデントライアングル
yaegerdorurumon,イェーガードルルモン,1,ヴァイスシュピラーレ
yaegerdorurumon,イェーガードルルモン,2,シュバルツナーゲル
gundramon,ガンドラモン,1,デルブリッツ
gundramon,ガンドラモン,2,プラッツェンクロイツ
gundramon,ガンドラモン,3,ゲヴァルトシュベルマー
aegiochusmon_holly,アイギオテュースモン：ホーリー,1,ライトニングシャワー
aegiochusmon_holly,アイギオテュースモン：ホーリー,2,サンダースラッシュ
aegiochusmon_holly,アイギオテュースモン：ホーリー,3,サークレットディフェンス
gabumon_black,ガブモン（黒）,1,プチファイアー
raguelmon,ラグエルモン,1,フォルムタラニス
raguelmon,ラグエルモン,2,パーホルス
bryweludramon,ブリウエルドラモン,1,グレンストーム
bryweludramon,ブリウエルドラモン,2,ブラストスマッシュ
volcanicdramon,ヴォルケニックドラモン,1,ヴォルケニック・フレア
volcanicdramon,ヴォルケニックドラモン,2,グライドブレイズ
lavogaritamon,ラヴォガリータモン,1,メルダイナー
lavogaritamon,ラヴォガリータモン,2,ワイルドブラスト
meicrackmon_v,メイクラックモン：ヴィシャスモード,1,フェルトメイド
mastemon,マスティモン,1,ホーリーディザイア
mastemon,マスティモン,2,ダークディスパイア
mastemon,マスティモン,3,カオスディグレイド
voltobautamon,ボルトバウタモン,1,パラズィヴァルツァー
voltobautamon,ボルトバウタモン,2,クオーツィオーネ
raijiludomon,ライジルドモン,1,ライトニングバスター
raijiludomon,ライジルドモン,2,ロケットメッサー
tialudomon,ティアルドモン,1,フリスビッカー
tialudomon,ティアルドモン,2,アサルトクロー
lavorvomon,ラヴォーボモン,1,グレイトフレイム
lavorvomon,ラヴォーボモン,2,アースタンプ
bushiagumon,ブシアグモン,1,超低速一文字斬り
bushiagumon,ブシアグモン,2,超高速一文字斬り
ludomon,ルドモン,1,ウォルレーキ
kakkinmon,カッキンモン,1,カンカン
cotsucomon,コツコモン,1,コッツン
andiramon_2,アンティラモン,1,メディテーションキュア
andiramon_2,アンティラモン,2,マントラチャント
meicoomon,メイクーモン,1,シャットクロー
meicoomon,メイクーモン,2,トリコベゾアール
meicoomon,メイクーモン,3,エクススクラッチ
whamon_2,ホエーモン（成熟期）,1,ジェットアロー
gekomon,ゲコモン,1,クラッシュシンフォニー
vorvomon,ヴォーボモン,1,プチフレイム
atlurballistamon,アトラーバリスタモン,1,プラズマクラック
atlurballistamon,アトラーバリスタモン,2,ロケットバンカー
omegamon_alter-b,オメガモン Alter-B,1,ガルルソード
omegamon_alter-b,オメガモン Alter-B,2,グレイキャノン
blackmachgaogamon,ブラックマッハガオガモン,1,ガオガトルネード
blackmachgaogamon,ブラックマッハガオガモン,2,ウィニングナックル
blackmachgaogamon,ブラックマッハガオガモン,3,ハウリングキャノン
blackgaogamon,ブラックガオガモン,1,ダッシュダブルクロー
blackgaogamon,ブラックガオガモン,2,ガオガハウンド
blackgaogamon,ブラックガオガモン,3,スパイラルブロー
falcomon-2006,ファルコモン（２００６アニメ版）,1,スクラッチスマッシュ
falcomon-2006,ファルコモン（２００６アニメ版）,2,手裏裏剣（しゅりりんけん）
falcomon-2006,ファルコモン（２００６アニメ版）,3,打竹落し（うちたけおとし）
kudamon-2006,クダモン（２００６アニメ版）,1,弾丸旋風（だんがんせんぷう）
kudamon-2006,クダモン（２００６アニメ版）,2,絶光衝（ぜっこうしょう）
kudamon-2006,クダモン（２００６アニメ版）,3,ホーリーショット
neo,ネオ,1,ジャッジメント
neo,ネオ,2,ゼロ・ジェネシス
yakiimon,ヤキイモン,1,ベニアズマ・ストレート
yakiimon,ヤキイモン,2,ベニアズマ・アッパーカット
monimon,モニモン,1,乱破（らっぱ）
monimon,モニモン,2,水破（すっぱ）
monimon,モニモン,3,突破（とっぱ）
monitamon,モニタモン,1,火弾
monitamon,モニタモン,2,水竜
monitamon,モニタモン,3,風車
monitamon,モニタモン,4,電閃
monitamon,モニタモン,5,索敵
mervamon,メルヴァモン,1,ナイトストーカー
mervamon,メルヴァモン,2,ラブポイズン
mervamon,メルヴァモン,3,ファイナルストライクロール
mervamon,メルヴァモン,4,マッドネスメリーゴーランドＤＸ
metalgreymon_cyberlauncher,メタルグレイモン＋サイバーランチャー,1,サイバーギガンティックランチャー
metalgreymon_cyberlauncher,メタルグレイモン＋サイバーランチャー,2,コロナル・マス・エジェクション
metalgreymon,メタルグレイモン（2010アニメ版）,1,トライデントアーム
metalgreymon,メタルグレイモン（2010アニメ版）,2,ギガデストロイヤー
mailbirdramon,メイルバードラモン,1,プラズマキャノン
mailbirdramon,メイルバードラモン,2,ナイトホーク
mailbirdramon,メイルバードラモン,3,トライデントテール
musoknightmon,ムソーナイトモン,1,強羅打雷銃（ゴウラダライガン）
musoknightmon,ムソーナイトモン,2,超力鳴動破（チョウリキメイドウハ）
musoknightmon,ムソーナイトモン,3,魔重力呪縛陣（まじゅうりょくじゅばくじん）
madleomon:armedmode,マッドレオモン：アームドモード,1,The Lion Sleeps Tonight
madleomon:armedmode,マッドレオモン：アームドモード,2,Lion Heart
madleomon,マッドレオモン,1,獣王堕拳
madleomon,マッドレオモン,2,腐毒爪
bombmon-xwars,ボムモン（2010アニメ版）,1,ボンバーヘッド
bombmon-xwars,ボムモン（2010アニメ版）,2,ファイヤーワークスレボリューション
beelzebumon-xwars,ベルゼブモン（2010アニメ版）,1,デス・ザ・キャノン
beelzebumon-xwars,ベルゼブモン（2010アニメ版）,2,ダークネスクロウ
blastmon,ブラストモン,1,ダイアモンドマシンガン
blastmon,ブラストモン,2,ダイアモンドヘッジホッグ
blastmon,ブラストモン,3,プリズムフラッシュ
blastmon,ブラストモン,4,クリスタルブレス
footmon,フットモン,1,ライトニングシュート
footmon,フットモン,2,ライトニングオーバーヘッド
pillomon,ピロモン,1,ララバイバブル
pillomon,ピロモン,2,悪夢の泡
pickmon,ピックモン,1,チンチクリン
pickmon,ピックモン,2,シュガープラム
baristamon,バリスタモン,1,ホーンブレイカー
baristamon,バリスタモン,2,へヴィスピーカー
bacomon,バコモン,1,ガムロール
bacomon,バコモン,2,トランスデリバリー
bagramon,バグラモン,1,アストラルスナッチャー
bagramon,バグラモン,2,スカーレットブラッドワイン
bagramon,バグラモン,3,インビジブルスネークアイズ
hi-visionmonitamon,ハイビジョンモニタモン,1,電影烈破（でんえいれっぱ）
hi-visionmonitamon,ハイビジョンモニタモン,2,光電殺法之陣（こうでんさっぽうのじん）
hi-visionmonitamon,ハイビジョンモニタモン,3,癒天光(いてんこう）
hi-visionmonitamon,ハイビジョンモニタモン,4,業火弾（ごうかだん）
hi-visionmonitamon,ハイビジョンモニタモン,5,爆水竜（ばくすいりゅう）
hi-visionmonitamon,ハイビジョンモニタモン,6,暴風車（ぼうふうしゃ）
hi-visionmonitamon,ハイビジョンモニタモン,7,雷電閃（らいでんじん）
hi-visionmonitamon,ハイビジョンモニタモン,8,瞬索敵（しゅんさくてき）
baalmon,バアルモン,1,カミウチ
baalmon,バアルモン,2,ギルティッシュ
baalmon,バアルモン,3,リークインフォメーション
neovamdemon,ネオヴァンデモン,1,ナイトメアレイド
neovamdemon,ネオヴァンデモン,2,ブラッディストリームグレイド
neovamdemon,ネオヴァンデモン,3,ギャディアックレイド
dondokomon,ドンドコモン,1,ドンドコ音頭
dondokomon,ドンドコモン,2,乱れ打ちラッシュ
dondokomon,ドンドコモン,3,極め太鼓
donshoutmon,ドンシャウトモン,1,漢魂乱れ太鼓
donshoutmon,ドンシャウトモン,2,ラウディドラマー
dorulumon,ドルルモン,1,ドリルバスター
dorulumon,ドルルモン,2,ドルルトルネード
dorulumon,ドルルモン,3,ドリルブレーダー
dorbickmon,ドルビックモン,1,タイラントコルブラント
dorbickmon,ドルビックモン,2,バーニング・ザ・ドラゴン
dorbickmon,ドルビックモン,3,ドラゴンブレストニックファイア
troopmon,トループモン,1,ハラショーアタック
troopmon,トループモン,2,デスマーチ
deadlyaxemon,デッドリーアックスモン,1,エアスライサー
deadlyaxemon,デッドリーアックスモン,2,アクアレジア
deadlyaxemon,デッドリーアックスモン,3,アクアレイジ
deckerdramon,デッカードラモン,1,デッカードランチャー
deckerdramon,デッカードラモン,2,スモーキーファング
deckerdramon,デッカードラモン,3,ヘビーテイルフック
deckergreymon,デッカーグレイモン,1,プラズマデッカードランチャー
deckergreymon,デッカーグレイモン,2,メイルバードランチャー
deckergreymon,デッカーグレイモン,3,テラデストロイヤー
deckergreymon,デッカーグレイモン,4,ファイナルスパーク
tuwarmon,ツワーモン,1,マンティスダンス
tuwarmon,ツワーモン,2,スモーキンブギ
tyutyumon,チューチューモン,1,チューチュー・ツイッター
chibickmon,チビックモン,1,チンチクリンリン
chibickmon,チビックモン,2,プチシュガープラム
chikurimon,チクリモン,1,ファイナルチクリモン
chikurimon,チクリモン,2,コンペートーハンマー
damemon,ダメモン,1,ブンブン拳
damemon,ダメモン,2,ガンバルカン
damemon,ダメモン,3,ブー・スト・アタック
tactimon,タクティモン,1,壱の太刀
tactimon,タクティモン,2,弐の太刀
tactimon,タクティモン,3,参の太刀
tactimon,タクティモン,4,タネガシマ
tactimon,タクティモン,5,鬼神突
tactimon,タクティモン,6,星割り
darknessbagramon,ダークネスバグラモン,1,ゴッドオブデススナッチャー
darknessbagramon,ダークネスバグラモン,2,バルフィアイズ
darknessbagramon,ダークネスバグラモン,3,エターナルダークメア
darkknightmon,ダークナイトモン,1,ツインスピア
darkknightmon,ダークナイトモン,2,ショルダーブレード
darkknightmon,ダークナイトモン,3,アンデッドソルジャー
zenimon,ゼニモン,1,こめっとランチャー
zenimon,ゼニモン,2,ゼニナゲ
splashmon,スプラッシュモン,1,ポイゾナスフォース
splashmon,スプラッシュモン,2,ハイドロプレッシャー
splashmon,スプラッシュモン,3,ビードラウン
splashmon,スプラッシュモン,4,タイガータイフーン（真の姿時）
sparrowmon,スパロウモン,1,クラッシュブーム
sparrowmon,スパロウモン,2,ウィングエッジ
sparrowmon,スパロウモン,3,ランダムレーザー
starmons,スターモンズ,1,メテオスコール
starmons,スターモンズ,2,ウィッシュアポンアスター
skullknightmonbigaxemode,スカルナイトモン：ビッグアックスモード,1,アックスライダー
skullknightmonbigaxemode,スカルナイトモン：ビッグアックスモード,2,ストームアックス
skullknightmoncavaliermode,スカルナイトモン：騎馬モード,1,キバブレイバー
skullknightmon,スカルナイトモン,1,スピアニードル
skullknightmon,スカルナイトモン,2,ブレストアイ・ウィンク
jokermon,ジョーカーモン,1,ルナティックスラッシュ
jokermon,ジョーカーモン,2,ガイアマジッカー
shonitamon,シャニタモン,1,霞隠
shonitamon,シャニタモン,2,葉隠
dorulucannon,シャウトモン＋ドルルキャノン,1,ドルルキャノン
starsword,シャウトモン＋スターソード,1,スターブレイド
jetsparrow,シャウトモン＋ジェットスパロウ,1,エアシューター
jetsparrow,シャウトモン＋ジェットスパロウ,2,プラズマブラスター
shoutmonx7,シャウトモンX7,1,クロスバーニングロッカー
shoutmonx7,シャウトモンX7,2,ダブルフレアバスター
shoutmonx7,シャウトモンX7,3,セブンビクトライズ
shoutmonx5b,シャウトモンX5B,1,バーストダッシュストリーム
shoutmonx5b,シャウトモンX5B,2,メテオバスターアタック
shoutmonx5b,シャウトモンX5B,3,メテオインパクト
shoutmonx5b,シャウトモンX5B,4,カオスフレア
shoutmonx5b,シャウトモンX5B,5,スターズブレイドセレストライク
shoutmonx5b,シャウトモンX5B,6,バーニングスタークラッシャー
shoutmonx5b,シャウトモンX5B,7,スリービクトライズ
shoutmonx5,シャウトモンX5,1,メテオバスターアタック
shoutmonx5,シャウトモンX5,2,メテオインパクト
shoutmonx5,シャウトモンX5,3,バーニングスタークラッシャー
shoutmonx5,シャウトモンX5,4,スリービクトライズ
shoutmonx4b,シャウトモンX4B,1,スターズブレイドセレストライク
shoutmonx4b,シャウトモンX4B,2,カオスフレア
shoutmonx4b,シャウトモンX4B,3,バーニングスタークラッシャー
shoutmonx4b,シャウトモンX4B,4,スリービクトライズ
shoutmonx4,シャウトモンX4,1,バーニングスタークラッシャー
shoutmonx4,シャウトモンX4,2,スリービクトライズ
shoutmonx4,シャウトモンX4,3,スリーインパクト
shoutmonx4,シャウトモンX4,4,ハイアドモスフェリックプレッシャー
shoutmonx4,シャウトモンX4,5,ビクトライズブーメラン
shoutmonx4,シャウトモンX4,6,バーニングスタースラッシャー
shoutmonx3,シャウトモンX3,1,スリービクトライズ
shoutmonx3,シャウトモンX3,2,スリーインパクト
shoutmonx3,シャウトモンX3,3,ビクトライズブーメラン
shoutmonx2,シャウトモンX2,1,マックアロー
shoutmonx2,シャウトモンX2,2,ホーンブレイカーDX
shoutmonx2,シャウトモンX2,3,バディブラスター
shoutmonx2,シャウトモンX2,4,アームバンカー
shoutmonx2,シャウトモンX2,5,オプティックレーザー
shoutmonx2,シャウトモンX2,6,ミヤバルカン
shoutmondx,シャウトモンDX,1,トライデントジャスファング
shoutmondx,シャウトモンDX,2,ハイパーロックマグナム
shoutmondx,シャウトモンDX,3,エレキバスタークロス
shoutmondx,シャウトモンDX,4,ビクトライズ・バンキング
shoutmondx,シャウトモンDX,5,ブレイブビートロックダブルクロス
shoutmon,シャウトモン,1,ロックダマシー
shoutmon,シャウトモン,2,ソウルクラッシャー
shoutmon,シャウトモン,3,ラウディロッカー
jetmervamon,ジェットメルヴァモン,1,ハートブレイクショット
jetmervamon,ジェットメルヴァモン,2,セクシーダイナマイツ
jetmervamon,ジェットメルヴァモン,3,ウロボロスゲート
jetmervamon,ジェットメルヴァモン,4,スパイシーハードラヴ
jetmervamon,ジェットメルヴァモン,5,ナイトストーカー
jetmervamon,ジェットメルヴァモン,6,ラブポイズン
zekegreymon,ジークグレイモン,1,トライデントファング
zekegreymon,ジークグレイモン,2,デストロイスマッシャー
zekegreymon,ジークグレイモン,3,ジークフレイム
zekegreymon,ジークグレイモン,4,プラズマレールガン
zekegreymon,ジークグレイモン,5,ファイナルストライクス
zamielmon,ザミエールモン,1,スナイプヘッドショット
zamielmon,ザミエールモン,2,ボウカッター
zamielmon,ザミエールモン,3,フットショット
zamielmon,ザミエールモン,4,アローランス
zamielmon,ザミエールモン,5,タービュランスアロー
zamielmon,ザミエールモン,6,ザ・ワールドショット
soundbirdmon,サウンドバードモン,1,ギガスクリーム
soundbirdmon,サウンドバードモン,2,サウンドフィニッシュ
cyberdramon-xwars,サイバードラモン,1,イレイザークロー
cyberdramon-xwars,サイバードラモン,2,グラットンファング
cyberdramon-xwars,サイバードラモン,3,サイバーブレーダー
cyberdramon-xwars,サイバードラモン,4,デスディバイダー
kozenimon,コゼニモン,1,イッチ・ダン・ケツ
kozenimon,コゼニモン,2,￥UE-N
greymon,グレイモン（2010アニメ版）,1,メガフレイム
greymon,グレイモン（2010アニメ版）,2,ブラスターテイル
greymon,グレイモン（2010アニメ版）,3,ホーンストライク
gravimon,グラビモン,1,オクタグラビティ
gravimon,グラビモン,2,ハイグラビティープレッシャー
gravimon,グラビモン,3,グラビティー・バン
cutemon,キュートモン,1,キズナオール
cutemon,キュートモン,2,スグナオール
cutemon,キュートモン,3,ヨクナオール
cutemon,キュートモン,4,スーパーソニックウェーブ
cutemon,キュートモン,5,ウルトラソニックウェーブ
gumdramon,ガムドラモン,1,ランガムブレイク
gumdramon,ガムドラモン,2,ジャックドハンマー
gumdramon,ガムドラモン,3,ファイアーボルテクス
ganemon,ガネモン,1,ゴールドボーリング
ganemon,ガネモン,2,ゴールドプレス
gaossmon,ガオスモン,1,キロフレイム
gaossmon,ガオスモン,2,ヘッドストライク
olegmon,オレーグモン,1,デュアルトマホークブーメラン
olegmon,オレーグモン,2,バイキングヴュッフェ
olegmon,オレーグモン,3,エイジオブディスカバリー
olegmon,オレーグモン,4,ドリームカムズトゥルー
omegashoutmon,オメガシャウトモン,1,ヘヴィメタルバルカン
omegashoutmon,オメガシャウトモン,2,ビクトライズ・バンキング
omegashoutmon,オメガシャウトモン,3,ハードロックダマシー
omegashoutmon,オメガシャウトモン,4,ビートスラッシュ
omegashoutmon,オメガシャウトモン,5,オメガ・ザ・フュージョン
ekakimon,エカキモン,1,ミニミニエカキモン
ekakimon,エカキモン,2,カラフルチェンジ
iguneetmon,イグニートモン,1,ガラパゴスフィールド
iguneetmon,イグニートモン,2,ティモニナイザー
iguneetmon,イグニートモン,3,ファイナルトラベラー
arresterdramon,アレスタードラモン,1,マッハフリッカー
arresterdramon,アレスタードラモン,2,フロッグショット
arresterdramon,アレスタードラモン,3,スピンカリパー
arresterdramon,アレスタードラモン,4,スパイラルシュレッダー
arresterdramon,アレスタードラモン,5,プリズムギャレット
louwemon,レーベモン,1,エーヴィッヒ・シュラーフ
louwemon,レーベモン,2,エントリヒ・メテオール
ranamon,ラーナモン,1,レインストリーム
ranamon,ラーナモン,2,ジェラシーレイン
raihimon,ライヒモン,1,シュバルツ・レールザッツ（黒定理）
raihimon,ライヒモン,2,ロート・クロイツ（赤十字架）
rhinokabuterimon,ライノカブテリモン,1,コンデンサストーム
rhinokabuterimon,ライノカブテリモン,2,サンダーレーザー
mercuremon,メルキューレモン,1,ジェネラスミラー
mercuremon,メルキューレモン,2,オフセットリフレクター
magnagarurumon,マグナガルルモン,1,マシンガンデストロイ
magnagarurumon,マグナガルルモン,2,スターライトベロシティ
bolgmon,ボルグモン,1,アルティメットサンダー
bolgmon,ボルグモン,2,フィールドデストロイヤー
velgrmon,ベルグモン,1,ゾーンデリーター
velgrmon,ベルグモン,2,マスターオブダークネス
petaldramon,ペタルドラモン,1,リーフサイクロン
petaldramon,ペタルドラモン,2,サウザンドスパイク
beowolfmon,ベオウルフモン,1,リヒトアングリフ
beowolfmon,ベオウルフモン,2,ツヴァイハンダー
flamon,フレイモン,1,ベビーサラマンダー
blitzmon,ブリッツモン,1,トールハンマー
blitzmon,ブリッツモン,2,ミョルニルサンダー
blizzarmon,ブリザーモン,1,アヴァランチステップ
blizzarmon,ブリザーモン,2,グレッチャートルペイド（氷河魚雷）
fairimon,フェアリモン,1,トルナード・ガンバ
fairimon,フェアリモン,2,ロゼオ・テンポラーレ
chackmon,チャックモン,1,ツララララ～
chackmon,チャックモン,2,スノーボンバー
duskmon,ダスクモン,1,ガイストアーベント
duskmon,ダスクモン,2,エアオーベルング
daipenmon,ダイペンモン,1,ブルーハワイデス
daipenmon,ダイペンモン,2,イチゴデス
sephirothmon,セフィロトモン,1,ランブルブレンドナンバー（１～１０）
storabimon,ストラビモン,1,リヒト・ナーゲル
shutumon,シューツモン,1,ギルガメッシュスライサー
shutumon,シューツモン,2,ウィンドオブペイン
jetsilphymon,ジェットシルフィーモン,1,ジェットビンター
jetsilphymon,ジェットシルフィーモン,2,ウルトラタービュレンス
grottemon,グロットモン,1,スネークアイブレイク
grottemon,グロットモン,2,ジャック・イン・ザ・ボックス
gigasmon,ギガスモン,1,アースクェイク
gigasmon,ギガスモン,2,ハリケーンボンバー
garummon,ガルムモン,1,スピードスター
garummon,ガルムモン,2,ソーラレーザー
calamaramon,カルマーラモン,1,ネーロコルソ
calamaramon,カルマーラモン,2,タイタニックチャージ
kaisergreymon,カイゼルグレイモン,1,炎龍撃（えんりゅうげき）
kaisergreymon,カイゼルグレイモン,2,九頭龍陣（くずりゅうじん）
kaiserleomon,カイザーレオモン,1,シュヴァルツ・ドンナー
kaiserleomon,カイザーレオモン,2,シュヴァルツ・ケーニッヒ
vritramon,ヴリトラモン,1,コロナブラスター
vritramon,ヴリトラモン,2,フレイムストーム
wolfmon,ヴォルフモン,1,リヒト・ズィーガー
wolfmon,ヴォルフモン,2,ツヴァイ・ズィーガー
arbormon,アルボルモン,1,マシンガン・ダンス（機銃の踊り）
arbormon,アルボルモン,2,ブロッケイドシード（封じ込めの種）
aldamon,アルダモン,1,ブラフマシル
aldamon,アルダモン,2,ブラフマストラ
agnimon,アグニモン,1,バーニングサラマンダー
agnimon,アグニモン,2,サラマンダーブレイク
rinkmon,リンクモン,1,スピニングカッター
lynxmon,ランクスモン,1,サーマルメイン
rhinomon,ライノモン,1,アイン・ソフ・オウル
rhinomon,ライノモン,2,アトミックバースト
lighdramon,ライドラモン,1,ライトニングブレード
lighdramon,ライドラモン,2,ブルーサンダー
yaksamon,ヤシャモン,1,一刀両断（イットウリョウダン）
yaksamon,ヤシャモン,2,クグツの術
mothmon,モスモン,1,モルフォンガトリング
maildramon,メイルドラモン,1,アイアンプレス
moosemon,ムースモン,1,ホーンブレード
manbomon,マンボモン,1,バルーンマイン
manbomon,マンボモン,2,グローバル・グローブ
mantaraymon,マンタレイモン,1,パラライズテイル
magnamon,マグナモン,1,プラズマシュート
magnamon,マグナモン,2,シャイニングゴールドソーラーストーム
ponchomon,ポンチョモン,1,ブラッドダンス・マラカスバージョン
ponchomon,ポンチョモン,2,テキーラナックル
holsmon,ホルスモン,1,マッハインパルス
holsmon,ホルスモン,2,テンペストウィング
holsmon,ホルスモン,3,ウジャトゲイズ
boarmon,ボアモン,1,ノーズブラスター
pegasmon,ペガスモン,1,ロデオギャロップ
pegasmon,ペガスモン,2,シルバーブレイズ
pegasmon,ペガスモン,3,シューティングスター
frogmon,フロッグモン,1,リーフホイールカッター
prairiemon,プレイリモン,1,ソニックイヤー
fladramon,フレイドラモン,1,ナックルファイア
fladramon,フレイドラモン,2,ファイアロケット
flawizarmon,フレイウィザーモン,1,マジックイグニッション
flawizarmon,フレイウィザーモン,2,ファイヤークラウド
bullmon,ブルモン,1,マタドールダッシュ
flybeemon,フライビーモン,1,フライスパーク
flybeemon,フライビーモン,2,ニードルスティンガー
pteranomon,プテラノモン,1,ビークピアス
pucchiemon-green,プッチーモン（緑）,1,ハートナービーム
pucchiemon,プッチーモン,1,ハートナービーム
pipismon,ピピスモン,1,クレイジーソニック
bitmon,ビットモン,1,イヤーランサー
peacockmon,ピーコックモン,1,レインボーシャワー
baromon,バロモン,1,メテオダンス
honeybeemon,ハニービーモン,1,ポイズンパウダー
honeybeemon,ハニービーモン,2,パラライズスティング
butterflamon,バタフラモン,1,スウィートフェロモン
harpymon,ハーピモン,1,ウィンドシーカー
nohemon,ノヘモン,1,デリションクロウ
nefertimon,ネフェルティモン,1,カースオブクィーン
nefertimon,ネフェルティモン,2,ロゼッタストーン
togemogumon,トゲモグモン,1,ヘイルマシンガン
tocanmon,トーカンモン,1,ペンチカッター
depthmon,デプスモン,1,バブルボム
tylomon,ティロモン,1,トーピードアタック
tylomon,ティロモン,2,オーシャンストライク
digmon,ディグモン,1,ビッグクラック
digmon,ディグモン,2,ゴールドラッシュ
sepikmon,セピックモン,1,スピリットブーメラン
sethmon,セトモン,1,ヒートストーム
sethmon,セトモン,2,タスクドライバー
swanmon,スワンモン,1,ダウントーネ－ド
stegomon,ステゴモン,1,シェルニードルレイン
shurimon,シュリモン,1,紅葉おろし
shurimon,シュリモン,2,草薙
shadramon,シェイドラモン,1,フレアバスター
seahomon,シーホモン,1,プリズムレインボー
sheepmon,シープモン,1,ウールグレネード
thunderbirmon,サンダーバーモン,1,スパークウィング
thunderbirmon,サンダーバーモン,2,サンダーストーム
salamandamon,サラマンダモン,1,ヒートブレス
salamandamon,サラマンダモン,2,バックドラフト
sabmarimon,サブマリモン,1,オキシジェンホーミング
sabmarimon,サブマリモン,2,サブマリンアタック
sagittarimon,サジタリモン,1,ジャッジメントアロー
searchmon,サーチモン,1,ジャミングヘルツ
kongoumon,コンゴウモン,1,鉄砲（テッポウ）
goldv-dramon,ゴールドブイドラモン,1,ブイブレスアロー
goatmon,ゴートモン,1,ミスティックベル
kenkimon,ケンキモン,1,クレイジークレーン
quetzalmon,クアトルモン,1,フリーズウェーブ
kangarumon,カンガルモン,1,ジャンピングブロー
chamelemon,カメレモン,1,タングウィップ
kabukimon,カブキモン,1,桜吹雪
kabukimon,カブキモン,2,連獅子
gargomon,ガーゴモン,1,ホワイトスタチュー
orcamon,オルカモン,1,バサロクラッシュ
opossummon,オポッサモン,1,マッドバルーンボム
elephamon,エレファモン,1,ニトロタービンウェーブ
allomon,アロモン,1,ディノバースト
archelomon,アーケロモン,1,オーシャンストローム
owlmon,アウルモン,1,ミッドナイトクラッチ
lordknightmon,ロードナイトモン,1,スパイラルマスカレード
lordknightmon,ロードナイトモン,2,アージェントフィアー
lotusmon,ロトスモン,1,サーペントキュア
lotusmon,ロトスモン,2,サーペントルイン
lotusmon,ロトスモン,3,セブンズファンタジア
rosemonburstmode,ロゼモン：バーストモード,1,シャリテ
rosemonburstmode,ロゼモン：バーストモード,2,アギシャンレーヴル
rosemonburstmode,ロゼモン：バーストモード,3,ティファレト
rosemon,ロゼモン,1,ソーンウィップ
rosemon,ロゼモン,2,ローゼスレイピア
rosemon,ロゼモン,3,フォービドゥンテンプテイション
ravmonburstmode,レイヴモン：バーストモード,1,無双天翔翼之陣（むそうてんしょうよくのじん）
ravmonburstmode,レイヴモン：バーストモード,2,怒涛闇供喪之舞（どとうやみくものまい）
ravmonburstmode,レイヴモン：バーストモード,3,雷光一閃之突（らいこういっせんのつき）
ravmon,レイヴモン,1,スパイラルレイヴンクロウ
ravmon,レイヴモン,2,ブラストウィング
ravmon,レイヴモン,3,烏王丸（ちょうおうまる）
lucemonsatanmode,ルーチェモン：サタンモード,1,パーガトリアルフレイム
lucemonsatanmode,ルーチェモン：サタンモード,2,ディバインアトーンメント
lilithmon,リリスモン,1,ファントムペイン
leviamon,リヴァイアモン,1,ロストルム
leviamon,リヴァイアモン,2,カウダ
lampmon,ランプモン,1,ファントムターバン
rusttyranomon,ラストティラノモン,1,テラーズクラスター
rusttyranomon,ラストティラノモン,2,ラストブレス
rasielmon,ラジエルモン,1,ノウレッジストリーム
rasielmon,ラジエルモン,2,セファーラジエール
jupitermon,ユピテルモン,1,マボルト
jupitermon,ユピテルモン,2,パニッシュジャッジ
jupitermon,ユピテルモン,3,ワイドプラズメント
mercurymon,メルクリモン,1,サウザンドフィスト
mercurymon,メルクリモン,2,スピリチャルエンチャント
medievaldukemon,メディーバルデュークモン,1,レイジ・オブ・ワイバーン
medievaldukemon,メディーバルデュークモン,2,ファイナル・クレスト
metalpiranimon,メタルピラニモン,1,３Dレイザー
metalpiranimon,メタルピラニモン,2,マックスパワーバイス
metalseadramon,メタルシードラモン,1,アルティメットストリーム
metalgarurumon,メタルガルルモン,1,コキュートスブレス
metalgarurumon,メタルガルルモン,2,ガルルトマホーク
metalgarurumon,メタルガルルモン,3,グレイスクロスフリーザー
metaletemon,メタルエテモン,1,バナナスリップ
megidramon,メギドラモン,1,ヘル・ハウリング
megidramon,メギドラモン,2,メギドフレイム
moonmillenniumon,ムーンミレニアモン,1,デス・クリスタル
murmukusmon,ムルムクスモン,1,ゲヘナ・フレイム
mugendramon,ムゲンドラモン,1,∞（ムゲン）キャノン
millenniumon,ミレニアモン,1,タイムアンリミテッド
miragegaogamon:burstmode,ミラージュガオガモン：バーストモード,1,フルムーンメテオインパクト
miragegaogamon:burstmode,ミラージュガオガモン：バーストモード,2,ファイナルミラージュバースト
miragegaogamon:burstmode,ミラージュガオガモン：バーストモード,3,ルナハーケンスラッシャー
miragegaogamon,ミラージュガオガモン,1,ダブルクレセントミラージュ
miragegaogamon,ミラージュガオガモン,2,フルムーンブラスター
miragegaogamon,ミラージュガオガモン,3,ゲイルクロー
minervamon,ミネルヴァモン,1,ストライクロール
minervamon,ミネルヴァモン,2,マッドネスメリーゴーランド
marsmon,マルスモン,1,コロナサンクションズ
marinangemon,マリンエンジェモン,1,オーシャンラブ
magnakidmon,マグナキッドモン,1,バインドレッドトリッガー
magnakidmon,マグナキッドモン,2,ハッピーバレットシャワリング
magnakidmon,マグナキッドモン,3,ケイオストライアングラー
boltmon,ボルトモン,1,トマホークシュタイナー
holydramon,ホーリードラモン,1,ホーリーフレイム
hououmon,ホウオウモン,1,スターライトエクスプロージョン
belphemonragemode,ベルフェモン：レイジモード,1,ランプランツス
belphemonragemode,ベルフェモン：レイジモード,2,ギフトオブダークネス
belphemonsleepmode,ベルフェモン：スリープモード,1,エターナルナイトメア
belphemonsleepmode,ベルフェモン：スリープモード,2,ランプランツス
beelzebumonblastmode,ベルゼブモン：ブラストモード,1,デススリンガー
beelzebumonblastmode,ベルゼブモン：ブラストモード,2,カオスフレア
beelzebumon,ベルゼブモン,1,ダークネスクロウ
beelzebumon,ベルゼブモン,2,ダブルインパクト
beelstarmon,ベルスターモン,1,フライバレット
beelstarmon,ベルスターモン,2,ダブルクロウ
beelstarmon,ベルスターモン,3,ハリケーンビスショット
belialvamdemon,ベリアルヴァンデモン,1,パンデモニウムフレイム
heraklekabuterimon,ヘラクルカブテリモン,1,ギガブラスター
plesiomon,プレシオモン,1,ソローブルー
breakdramon,ブレイクドラモン,1,デストロイドラッシュ
breakdramon,ブレイクドラモン,2,インフィニティボーリング
breakdramon,ブレイクドラモン,3,グラビティプレス
princemamemon,プリンスマメモン,1,スマイリーウォーヘッド
blitzgreymon,ブリッツグレイモン,1,プラズマステーク
blitzgreymon,ブリッツグレイモン,2,サンダーバーニア
blitzgreymon,ブリッツグレイモン,3,エレックガード
blacksaintgalgomon,ブラックセントガルゴモン,1,ジャイアントミサイル
blacksaintgalgomon,ブラックセントガルゴモン,2,バーストショット
blackwargreymon,ブラックウォーグレイモン,1,暗黒のガイアフォース
platinumnumemon,プラチナヌメモン,1,エクスクレメント
platinumnumemon,プラチナヌメモン,2,プラチナエクスクレメント
platinumnumemon,プラチナヌメモン,3,プラチナバープ
pukumon,プクモン,1,ニードルスコール
fujinmon,フウジンモン,1,マルトサイクロン
fujinmon,フウジンモン,2,クリティカルアーム
huanglongmon,ファンロンモン,1,太極（たいきょく）
huanglongmon,ファンロンモン,2,黄廻（おうかい）
pharaohmon,ファラオモン,1,ネクロミスト
pinochimon,ピノッキモン,1,ブリットハンマー
victorygreymon,ビクトリーグレイモン,1,ドラモンブレイカー
victorygreymon,ビクトリーグレイモン,2,トライデントガイア
victorygreymon,ビクトリーグレイモン,3,ビクトリーチャージ
piemon,ピエモン,1,トランプ・ソード
bancholeomon,バンチョーレオモン,1,獅子羅王漸（ししらおうざん）
bancholeomon,バンチョーレオモン,2,フラッシュバンチョーパンチ
banchomamemon,バンチョーマメモン,1,護王流伝羅守（ごーるでんらっしゅ）
banchomamemon,バンチョーマメモン,2,千本爆砕（せんぼんどっかーん）
banchomamemon,バンチョーマメモン,3,特攻漢弾（ぶっこみおとこだま）
banchostingmon,バンチョースティングモン,1,ブラッディーフィニッシュ
banchostingmon,バンチョースティングモン,2,爆雷天
banchostingmon,バンチョースティングモン,3,レッドバット
barbamon,バルバモン,1,デスルアー
barbamon,バルバモン,2,パンデモニウムロスト
parasimon,パラサイモン,1,エレクトリックバインド
babamon,ババモン,1,エンブレスヘイズ
baihumon,バイフーモン,1,金剛（こんごう）
hiandromon,ハイアンドロモン,1,アトミック・レイ
neptunemon,ネプトゥーンモン,1,ボルテックスペネトレート
neptunemon,ネプトゥーンモン,2,ウェーブオブデプス
dorugoramon,ドルゴラモン,1,ブレイブメタル
dorugoramon,ドルゴラモン,2,ドルディーン
duftmonleopardmode,ドゥフトモン：レオパルドモード,1,ヴォルケンクラッツァー
duftmonleopardmode,ドゥフトモン：レオパルドモード,2,ブロッカーデ
duftmonleopardmode,ドゥフトモン：レオパルドモード,3,エアオーベルング
duftmon,ドゥフトモン,1,アウススターベン
duftmon,ドゥフトモン,2,エルンストウェル
durandamon,デュランダモン,1,ツヴァングレンツェ
durandamon,デュランダモン,2,トロンメッサー
dynasmon,デュナスモン,1,ドラゴンズロア
dynasmon,デュナスモン,2,ブレス・オブ・ワイバーン
dukemoncrimsonmode,デュークモン：クリムゾンモード,1,インビンシブルソード（無敵剣）
dukemoncrimsonmode,デュークモン：クリムゾンモード,2,クォ・ヴァディス
dukemon,デュークモン,1,ロイヤルセーバー
dukemon,デュークモン,2,ファイナル・エリシオン
devitamamon,デビタマモン,1,ブラックデスクラウド
deathmon-black,デスモン（黒）,1,デスアロー
deathmon-black,デスモン（黒）,2,エクスプロージョンアイ
deathmon,デスモン,1,デスアロー
deathmon,デスモン,2,エクスプロージョンアイ
demon,デーモン,1,フレイムインフェルノ
death-x-dorugoramon,デクスドルゴラモン,1,メタルインパルス
death-x-dorugoramon,デクスドルゴラモン,2,ドルディーン
dinorexmon,ディノレクスモン,1,スプラッターハンティング
dinorexmon,ディノレクスモン,2,オーガフレイム
dinotigermon,ディノタイガモン,1,グラウンドファング
dinotigermon,ディノタイガモン,2,ハイランドファング
diablomon,ディアボロモン,1,カタストロフィーカノン
dianamon,ディアナモン,1,クレセントハーケン
dianamon,ディアナモン,2,アロー・オブ・アルテミス
dianamon,ディアナモン,3,グッドナイト・ムーン
qinglongmon,チンロンモン,1,蒼雷（そうらい）
darkdramon,ダークドラモン,1,ダークロアー
darkdramon,ダークドラモン,2,ギガスティックランス
tyrantkabuterimon,タイラントカブテリモン,1,シャインオブビー
tyrantkabuterimon,タイラントカブテリモン,2,ビーサイクロン
titamon,タイタモン,1,魂魄芯撃（こんぱくしんげき）
titamon,タイタモン,2,幻刃無痕（げんじんむこん）
titamon,タイタモン,3,呼応冥軍（こおうめいぐん）
tigervespamon,タイガーヴェスパモン,1,マッハスティンガーＶ（ビクトリー）
saintgalgomon,セントガルゴモン,1,バーストショット
saintgalgomon,セントガルゴモン,2,ジャイアントミサイル
seraphimon,セラフィモン,1,セブンヘブンズ
seraphimon,セラフィモン,2,テスタメント
slayerdramon,スレイヤードラモン,1,天竜斬破（てんりゅうざんは）
slayerdramon,スレイヤードラモン,2,昇竜斬波（しょうりゅうざんぱ）
slayerdramon,スレイヤードラモン,3,咬竜斬刃（こうりゅうざんば）
sleipmon,スレイプモン,1,ビフロスト
sleipmon,スレイプモン,2,オーディンズブレス
slashangemon,スラッシュエンジェモン,1,ホーリーエスパーダ
slashangemon,スラッシュエンジェモン,2,ヘブンズリッパー
spinomon,スピノモン,1,ソニックスラッシュレイン
spinomon,スピノモン,2,ブループロミネンス
susanoomon,スサノオモン,1,天羽々斬（あまのはばきり）
susanoomon,スサノオモン,2,八雷神（やくさのいかづち）
skullmammon,スカルマンモン,1,スパイラルボーン
zhuqiaomon,スーツェーモン,1,紅焔（こうえん）
suijinmon,スイジンモン,1,ムゲンキャノン
suijinmon,スイジンモン,2,アクセルアーム
zeedmillenniumon,ズィードミレニアモン,1,タイムデストロイヤー
zdgarurumon,ズィードガルルモン,1,ズィード砲
zdgarurumon,ズィードガルルモン,2,フルメタルブレイズ
zdgarurumon,ズィードガルルモン,3,ブローバックブレス
jumbogamemon,ジャンボガメモン,1,メガトンハイドロレーザー
jumbogamemon,ジャンボガメモン,2,ジャンボクレーター
jumbogamemon,ジャンボガメモン,3,ジャンボジェッター
justimon,ジャスティモン：アクセルアーム,1,トリニティーアーム
justimon,ジャスティモン：アクセルアーム,2,ジャスティスキック
shakamon,シャカモン,1,悟遍路掌（さとりへんろしょう）
shakamon,シャカモン,2,霊光蜘蛛之糸（れいこうくものいと）
shakamon,シャカモン,3,怠条真言（たいじょうしんごん）
shinegreymonburstmode,シャイングレイモン：バーストモード,1,コロナブレイズソード
shinegreymonburstmode,シャイングレイモン：バーストモード,2,ファイナルシャイニングバースト
shinegreymonburstmode,シャイングレイモン：バーストモード,3,トリッドヴァイス
shinegreymon,シャイングレイモン,1,グロリアスバースト
shinegreymon,シャイングレイモン,2,シャイニングブラスト
shinegreymon,シャイングレイモン,3,ジオグレイソード
jijimon,ジジモン,1,ハング・オン・デス
xuanwumon,シェンウーモン,1,霧幻（むげん）
jesmon,ジエスモン,1,轍剣成敗（てっけんせいばい）
jesmon,ジエスモン,2,シュベルトガイスト
jesmon,ジエスモン,3,アウスジェネリクス
zanbamon,ザンバモン,1,打首獄門
zanbamon,ザンバモン,2,十文字斬り
sakuyamon,サクヤモン,1,飯綱（いづな）
sakuyamon,サクヤモン,2,金剛界曼荼羅（こんごうかいまんだら）
saberleomon,サーベルレオモン,1,ネイルクラッシャー
goddramon,ゴッドドラモン,1,ゴッドフレイム
gokumon,ゴクモン,1,髑髏乱舞（どくろらんぶ)
cherubimon-vice,ケルビモン（悪）,1,ライトニングスピア
cherubimon-vice,ケルビモン（悪）,2,ヘブンズ・ジャッジメント
cherubimon,ケルビモン（善）,1,ライトニングスピア
cherubimon,ケルビモン（善）,2,ヘブンズ・ジャッジメント
crossmon,クロスモン,1,カイザーフェニックス
crossmon,クロスモン,2,ミスティックブレイク
craniummon,クレニアムモン,1,エンド・ワルツ
craniummon,クレニアムモン,2,ゴッドブレス
gracenovamon,グレイスノヴァモン,1,エクリプスフィンガー
gracenovamon,グレイスノヴァモン,2,カリュドーンアルクス
griffomon,グリフォモン,1,スーパーソニックボイス
grandlocomon,グランドロコモン,1,デストロイドクラッシュ
granddracumon,グランドラクモン,1,クリスタルレボリューション
granddracumon,グランドラクモン,2,アイオブザゴーゴン
grandiskuwagamon,グランディスクワガーモン,1,グランキラー
grandiskuwagamon,グランディスクワガーモン,2,グランディスシザー
grankuwagamon,グランクワガーモン,1,ディメンションシザー
clavisangemon,クラヴィスエンジェモン,1,ザ・キー
kuzuhamon,クズハモン,1,裏飯綱（うらいづな）
kuzuhamon,クズハモン,2,胎蔵界曼荼羅（たいぞうかいまんだら）
quartzmon,クオーツモン,1,ギュプト粒子砲
quartzmon,クオーツモン,2,ルーインブラスト(破滅の爆薬)
cresgarurumon,クーレスガルルモン,1,黄獣偃月刀（きじゅうえんげつとう）
cresgarurumon,クーレスガルルモン,2,獣狼大回転（じゅうろうだいかいてん)
cresgarurumon,クーレスガルルモン,3,激・氷月牙（げき ひょうげつが）
queenchessmon,クイーンチェスモン,1,ハートブレイカー
queenchessmon,クイーンチェスモン,2,クィーンスタンプ
queenchessmon,クイーンチェスモン,3,クィーンスティック
kingchessmon,キングチェスモン,1,チェックメイト
kingchessmon,キングチェスモン,2,キングスティック
kingchessmon,キングチェスモン,3,キングダッシュ
kingetemon,キングエテモン,1,サルしばい
cannondramon,キャノンドラモン,1,ダイナ・キャノン
cannondramon,キャノンドラモン,2,グレネードストーム
gigaseadramon,ギガシードラモン,1,ギガシーデストロイヤー
gigaseadramon,ギガシードラモン,2,スカイウェーブ
gankoomon,ガンクゥモン,1,鉄拳制裁
gankoomon,ガンクゥモン,2,地神！神鳴！神馳！親父！（じしん！かみなり！かじ！おやじ！）
gankoomon,ガンクゥモン,3,ちゃぶ台返し
gulfmon,ガルフモン,1,ブラックレクイエム
gulfmon,ガルフモン,2,デッドスクリーム
chaosmonvaldurarm,カオスモン：ヴァロドゥルアーム,1,覇王両断剣
chaosmonvaldurarm,カオスモン：ヴァロドゥルアーム,2,オーロラブラスター
chaosmon,カオスモン,1,覇王両断剣
chaosmon,カオスモン,2,ダークプロミネンス
chaosdramon-x,カオスドラモン（X抗体）,1,ハイパームゲンキャノン
chaosdramon-x,カオスドラモン（X抗体）,2,カオスクラッシャー
chaosdramon-x,カオスドラモン（X抗体）,3,スーパージェノサイドアタック
chaosdramon,カオスドラモン,1,ハイパームゲンキャノン
chaosdukemon,カオスデュークモン,1,デモンズディザスター
chaosdukemon,カオスデュークモン,2,ジュデッカプリズン
gaioumon,ガイオウモン,1,燐火斬（りんかざん）
gaioumon,ガイオウモン,2,ガイアリアクター
gaioumon,ガイオウモン,3,燐火撃（りんかげき）
omegamon-alter-s,オメガモン Alter-S,1,ガルルソード
omegamon-alter-s,オメガモン Alter-S,2,グレイキャノン
omegamon-x,オメガモン（X抗体）,1,ガルルキャノン
omegamon-x,オメガモン（X抗体）,2,グレイソード
omegamon-x,オメガモン（X抗体）,3,オールデリート
omegamon,オメガモン,1,ガルルキャノン
omegamon,オメガモン,2,グレイソード
ofanimonfalldownmode,オファニモン：フォールダウンモード,1,フレイムヘルサイズ
ofanimonfalldownmode,オファニモン：フォールダウンモード,2,デモンズクリスタル
ofanimon,オファニモン,1,エデンズジャベリン
ofanimon,オファニモン,2,セフィロートクリスタル
ornismon,オニスモン,1,コズミックレイ
ogudomon,オグドモン,1,オーラーティオ・グランディオロクア
ogudomon,オグドモン,2,カテドラール
ogudomon,オグドモン,3,グラドゥス
ouryumon,オウリュウモン,1,永世竜王刃（えいせいりゅうおうじん）
ouryumon,オウリュウモン,2,黄鎧（おうがい）
ancientwisetmon,エンシェントワイズモン,1,ラプラスの魔
ancientwisetmon,エンシェントワイズモン,2,エルダーサイン
ancientmegatheriumon,エンシェントメガテリウモン,1,フリージングブリザード
ancientmegatheriumon,エンシェントメガテリウモン,2,グレートスノープロー
ancientmermaimon,エンシェントマーメイモン,1,グレイト・メイルストローム
ancientmermaimon,エンシェントマーメイモン,2,クリスタルビロー
ancientvolcamon,エンシェントボルケーモン,1,アトミックボンバー
ancientvolcamon,エンシェントボルケーモン,2,スーパーノヴァ
ancientbeatmon,エンシェントビートモン,1,カラミティサンダー
ancientbeatmon,エンシェントビートモン,2,テラブラスター
ancienttroiamon,エンシェントトロイアモン,1,エペイオスギミック
ancienttroiamon,エンシェントトロイアモン,2,サプライズキャノン
ancientsphinkmon,エンシェントスフィンクモン,1,ダークブラスト
ancientsphinkmon,エンシェントスフィンクモン,2,ネクロエクリプス
ancientgreymon,エンシェントグレイモン,1,ガイアトルネード
ancientgreymon,エンシェントグレイモン,2,オメガバースト
ancientgarurumon,エンシェントガルルモン,1,シャープネスクレイモア
ancientgarurumon,エンシェントガルルモン,2,アブソリュート・ゼロ
ancientirismon,エンシェントイリスモン,1,ストームゲイザー
ancientirismon,エンシェントイリスモン,2,レインボーシンフォニー
eldoradimon,エルドラディモン,1,ゴールデンロード
eldoradimon,エルドラディモン,2,メテオアースクエイク
eldoradimon,エルドラディモン,3,ジャイアントニッパー
examon,エグザモン,1,アヴァロンズゲート
examon,エグザモン,2,ペンドラゴンズグローリー
examon,エグザモン,3,ドラゴニックインパクト
vulcanusmon,ウルカヌスモン,1,ピンポイントウェポンワークス
vulcanusmon,ウルカヌスモン,2,アプロプリエートワークス
vulcanusmon,ウルカヌスモン,3,ボンバーアート
wargreymon,ウォーグレイモン,1,ガイアフォース
wargreymon,ウォーグレイモン,2,ブレイブトルネード
venomvamdemon,ヴェノムヴァンデモン,1,ヴェノムインフューズ
venusmon,ウェヌスモン,1,ヒーリングセラピー
venusmon,ウェヌスモン,2,ＬＯＶＥＹＯＵ
venusmon,ウェヌスモン,3,ピースファンタジア
valdurmon,ヴァロドゥルモン,1,パージシャイン
valdurmon,ヴァロドゥルモン,2,オーロラアンジュレーション
valkyrimon,ヴァルキリモン,1,フェンリルソード
valkyrimon,ヴァルキリモン,2,アウルヴァンディルの矢
vikemon,ヴァイクモン,1,アークティックブリザード
vikemon,ヴァイクモン,2,ミョルニル
ebemon,イーバモン,1,ブレインラプチュアー
ebemon,イーバモン,2,プラネットデストロイヤー
ageisdramon,イージスドラモン,1,パワーウォーター
ageisdramon,イージスドラモン,2,ブレイズパワー
ageisdramon,イージスドラモン,3,テラハイドロブレス
ageisdramon,イージスドラモン,4,シャインブレイカー
imperialdramonfightermode,インペリアルドラモン：ファイターモード,1,ポジトロンレーザー
imperialdramonfightermode,インペリアルドラモン：ファイターモード,2,ギガデス
imperialdramonpaladinmode,インペリアルドラモン：パラディンモード,1,オメガブレード
imperialdramondragonmode,インペリアルドラモン：ドラゴンモード,1,メガデス
yggdrasill7d6,イグドラシル＿７Ｄ６,1,クリスタルの破片
yggdrasill7d6,イグドラシル＿７Ｄ６,2,巨大なクリスタル
yggdrasill7d6,イグドラシル＿７Ｄ６,3,自己修復
ulforcevdramon,アルフォースブイドラモン,1,シャイニングＶフォース
alphamon:ouryuken,アルファモン：王竜剣,1,究極戦刃王竜剣
alphamon,アルファモン,1,聖剣グレイダルファー
alphamon,アルファモン,2,デジタライズ・オブ・ソウル
ultimatebrakimon,アルティメットブラキモン,1,アルティメットブラスト
ultimatebrakimon,アルティメットブラキモン,2,アルティメットクエイク
algomon,アルゴモン,1,テラバイトディザスター
algomon,アルゴモン,2,ディストーションライン
algomon,アルゴモン,3,ブルートフォース
apollomon,アポロモン,1,ソルブラスター
apollomon,アポロモン,2,フォイボス・ブロウ
apollomon,アポロモン,3,アロー・オブ・アポロ
apoclymon,アポカリモン,1,暗黒(ダークネスゾーン)
anubimon,アヌビモン,1,ピラミッドパワー
anubimon,アヌビモン,2,アメミット
armagemon,アーマゲモン,1,ブラックレイン
armagemon,アーマゲモン,2,アルティメットフレア
avengekidmon,アヴェンジキッドモン,1,ミザリーバレットレイン
avengekidmon,アヴェンジキッドモン,2,デストラクショントリッガー
warumonzaemon,ワルもんざえモン,1,ハートブレイクアタック
waruseadramon,ワルシードラモン,1,ダークストローム
waruseadramon,ワルシードラモン,2,イビルアイシクル
waruseadramon,ワルシードラモン,3,ストレンジミスト
wisemon,ワイズモン,1,パンドーラ・ダイアログ
wisemon,ワイズモン,2,エターナル・ニルヴァーナ
weregarrumon,ワーガルルモン,1,カイザーネイル
locomon,ロコモン,1,スチームボム
locomon,ロコモン,2,ホイールグラインダー
loaderleomon,ローダーレオモン,1,ボーリンストーム
loaderleomon,ローダーレオモン,2,ローダーモーニングスター
ladydevimon,レディーデビモン,1,ダークネスウェーブ
ladydevimon,レディーデビモン,2,プワゾン
luminamon,ルミナモン,1,ライトニングフィール
luminamon,ルミナモン,2,ルミナフラッシュ
rucemonfalldownmode,ルーチェモン：フォールダウンモード,1,パラダイスロスト
rucemonfalldownmode,ルーチェモン：フォールダウンモード,2,デッド・オア・アライブ
rookchessmon,ルークチェスモン,1,ストロングフォールド
rookchessmon,ルークチェスモン,2,ルークガトリング
rookchessmon,ルークチェスモン,3,キャッスルウォール
lilimon,リリモン,1,フラウカノン
rapidmon,ラピッドモン,1,ラピッドファイア
rapidmon,ラピッドモン,2,ゴールデントライアングル
lilamon,ライラモン,1,ライラシャワー
lilamon,ライラモン,2,ビューティースラップ
lilamon,ライラモン,3,アン・ドゥ・ポラン
rizegreymon,ライズグレイモン,1,トライデントリボルバー
rizegreymon,ライズグレイモン,2,ライジングデストロイヤー
rizegreymon,ライズグレイモン,3,ソリッドストライク
yatagaramon,ヤタガラモン（2006年アニメ版）,1,甕布都神（ミカフツノカミ）
yatagaramon,ヤタガラモン（2006年アニメ版）,2,羽黒（ハグロ）
monzaemon,もんざえモン,1,ラブリーアタック
mephismon,メフィスモン,1,ブラックサバス
mephismon,メフィスモン,2,デスクラウド
metalmamemon,メタルマメモン,1,エネルギーボム
metalfantomon,メタルファントモン,1,ソウルプレデター
metalfantomon,メタルファントモン,2,グレイブスクリーム
metaltyranomon,メタルティラノモン,1,ギガデストロイヤーⅡ
metaltyranomon,メタルティラノモン,2,ヌークリアレーザー
metalgreymon-v,メタルグレイモン（ワクチン種）,1,トライデントアーム
metalgreymon-v,メタルグレイモン（ワクチン種）,2,ギガデストロイヤー
metalgreymon-v,メタルグレイモン（ワクチン種）,3,ジガストーム
metalgreymon-web,メタルグレイモン（ウィルス種）,1,ギガデストロイヤー
metallifekuwagamon,メタリフェクワガーモン,1,ホーミングレーザー
metallifekuwagamon,メタリフェクワガーモン,2,エミットブレイド
megalogrowmon,メガログラウモン,1,ダブルエッジ
megalogrowmon,メガログラウモン,2,アトミックブラスター
megadramon,メガドラモン,1,ジェノサイドアタック
megadramon,メガドラモン,2,アルティメットスライサー
megaseadramon,メガシードラモン,1,サンダージャベリン
meicrackmon,メイクラックモン,1,モデストリィスタン
meicrackmon,メイクラックモン,2,フェルトメイド
mihiramon,ミヒラモン,1,ヴィモーハナ
mistymon,ミスティモン,1,コアダート
mistymon,ミスティモン,2,ブラストファイア
mammon,マンモン,1,タスクストライクス
mammon,マンモン,2,ツンドラブレス
marindevimon,マリンデビモン,1,ギルティブラック
mametyramon,マメティラモン,1,マメバイト１０００
mametyramon,マメティラモン,2,メットラリアット
mamemon,マメモン,1,スマイリーボム
mummymon,マミーモン,1,スネークバンデージ
mummymon,マミーモン,2,ネクロフォビア
machgaogamon,マッハガオガモン,1,ガオガトルネード
machgaogamon,マッハガオガモン,2,ウィニングナックル
machgaogamon,マッハガオガモン,3,ハウリングキャノン
matadrmon,マタドゥルモン,1,サウザンドアロー
matadrmon,マタドゥルモン,2,武舞独繰
matadrmon,マタドゥルモン,3,蝶絶喇叭蹴（ちょうぜつらっぱしゅう）
mastertyranomon,マスターティラノモン,1,マスターファイアー
majiramon,マジラモン,1,ヴェーダカ
makuramon,マクラモン,1,ラウラヴァ
mermaimon,マーメイモン,1,チャームプランダー
mermaimon,マーメイモン,2,ノーザンクロスボンバー
volcamon,ボルケーモン,1,ビックバン・ボイス
volcamon,ボルケーモン,2,ビックバン・タックル
holyangemon,ホーリーエンジェモン,1,ヘブンズゲート
whamon,ホエーモン,1,タイダルウェーブ
betsumon,ベツモン,1,つっこみパンチ
betsumon,ベツモン,2,コールドギャグ
vademon2,ベーダモン（X抗体）,1,悪魔のなげキッス
vademon,ベーダモン,1,悪魔のなげキッス
blossomon,ブロッサモン,1,スパイラルフラワー
flaremon,フレアモン,1,紅蓮獣王波（ぐれんじゅうおうは）
flaremon,フレアモン,2,紅・獅子之舞（くれない・ししのまい）
flaremon,フレアモン,3,清々之咆哮（せいせいのほうこう）
bluemeramon,ブルーメラモン,1,アイスファントム
bluemeramon,ブルーメラモン,2,コールドフレイム
blackmegalogrowmon,ブラックメガログラウモン,1,ダブルエッジ
blackmegalogrowmon,ブラックメガログラウモン,2,アトミックブラスター
phelesmon,フェレスモン,1,ブラックスタチュー
phelesmon,フェレスモン,2,デーモンズシャウト
fantomon,ファントモン,1,ソウルチョッパー
hippogriffomon,ヒポグリフォモン,1,ヒートウェーブ
picklemon,ピッコロモン,1,ビットボム
bigmamemon,ビッグマメモン,1,ビッグスマイリーボマー
bishopchessmon,ビショップチェスモン,1,ビショップレーザー
bishopchessmon,ビショップチェスモン,2,ビショップクロス
bishopchessmon,ビショップチェスモン,3,マジカルスティック
hisyaryumon,ヒシャリュウモン,1,成龍刃（せいりゅうじん）
hisyaryumon,ヒシャリュウモン,2,縦横車（じゅうおうぐるま）
pumpmon,パンプモン,1,トリックオアトリート
pandamon,パンダモン,1,アニマルネイル
panjyamon,パンジャモン,1,氷獣拳
hangyomon,ハンギョモン,1,ストライクフィッシング
parrotmon,パロットモン,1,ソニックデストロイヤー
parrotmon,パロットモン,2,ミョルニルサンダー
valvemon,バルブモン,1,マッドポンプ
valvemon,バルブモン,2,オクタゴンアタック
bastemon,バステモン,1,ヘルタースケルター
bastemon,バステモン,2,ヴァンパイアダンス
pajiramon,パジラモン,1,ヴァフニジュヴァーラ
paildramon,パイルドラモン,1,エスグリーマ
paildramon,パイルドラモン,2,デスペラードブラスター
neodevimon,ネオデビモン,1,ギルティクロウ
nanomon,ナノモン,1,プラグボム
knightmon,ナイトモン,1,ベルセルクソード
doruguremon,ドルグレモン,1,メタルメテオ
doruguremon,ドルグレモン,2,ブラッディータワー
triceramon,トリケラモン,1,トライホーンアタック
tonosamagekomon,トノサマゲコモン,1,コブシトーン
doumon,ドウモン,1,呪禁札（じゅごんさつ）
doumon,ドウモン,2,鬼門遁甲（きもんとんこう）
delumon,デラモン,1,ロイヤルナッツ
duramon,デュラモン,1,グラスラッシュ
duramon,デュラモン,2,ブリンデッド
deathmeramon,デスメラモン,1,へヴィーメタルファイアー
deathmeramon,デスメラモン,2,ヒートチェーン
digitamamon,デジタマモン,1,エニグマ
digitamamon,デジタマモン,2,ナイトメアシンドローム
death-x-doruguremon,デクスドルグレモン,1,ブラッディーケイブ
death-x-doruguremon,デクスドルグレモン,2,メタルメテオ
dinobeemon,ディノビーモン,1,ヘルマスカレード
chohakkaimon,チョ・ハッカイモン,1,強振砲舞乱（きょうしんホームラン）
chohakkaimon,チョ・ハッカイモン,2,打々々魅飲血（だだだみんち）
chohakkaimon,チョ・ハッカイモン,3,豚ノ丸焼（ぶたのまるやき）
caturamon,チャツラモン,1,シュヴァボージャナ
tyilinmon,チィリンモン,1,疾風天翔剣（しっぷうてんしょうけん）
tyilinmon,チィリンモン,2,迅速の心得（じんそくのこころえ）
tyilinmon,チィリンモン,3,改心の波動
tankdramon,タンクドラモン,1,ストライバ－キャノン
tankdramon,タンクドラモン,2,ブラストガトリング
dagomon,ダゴモン,1,フォービドゥントライデント
taomon,タオモン,1,梵筆閃（ぼんひつせん）
darksuperstarmon,ダークスーパースターモン,1,ダークイクスプロージョン
darksuperstarmon,ダークスーパースターモン,2,シュバルツネーベル
darksuperstarmon,ダークスーパースターモン,3,ダークホール
sirenmon,セイレーンモン,1,第一曲≪ポリフォニー≫
sirenmon,セイレーンモン,2,第二曲≪アリア≫
sirenmon,セイレーンモン,3,第三曲≪カノン≫
saviorhuckmon,セイバーハックモン,1,レッジストレイド
saviorhuckmon,セイバーハックモン,2,メテオフレイム
saviorhuckmon,セイバーハックモン,3,トライデントセイバー
zudomon,ズドモン,1,ハンマースパーク
scorpiomon,スコピオモン,1,ブラックアウト
scorpiomon,スコピオモン,2,ポイズンピアス
skullbaluchimon,スカルバルキモン,1,グレイブボーン
skullbaluchimon,スカルバルキモン,2,デッドリーフィアー
skullsatamon,スカルサタモン,1,ネイルボーン
skullgreymon,スカルグレイモン,1,オブリビオンバード
superstarmon,スーパースターモン,1,ハレースコール
sinduramon,シンドゥーラモン,1,プーヤヴァーハ
silphymon,シルフィーモン,1,トップガン
silphymon,シルフィーモン,2,デュアルソニック
jyureimon,ジュレイモン,1,チェリーボム
shakkoumon,シャッコウモン,1,ニギミタマ
shakkoumon,シャッコウモン,2,アラミタマ
jyagamon,ジャガモン,1,スマッシュポテト
shawujinmon,シャウジンモン,1,降妖杖・渦紋の陣（かもんのじん）
shawujinmon,シャウジンモン,2,降妖杖・滝の陣（たきのじん）
shawujinmon,シャウジンモン,3,月牙斬（げつがざん）
sandiramon,サンティラモン,1,クリシュナ
sanzomon,サンゾモン,1,杜子春経（とししゅんきょう）
sanzomon,サンゾモン,2,胡蝶夢経（こちょうむきょう）
sanzomon,サンゾモン,3,無限弾幕心経（むげんだんまくしんきょう）
sagomon,サゴモン,1,渦紋の陣（かもんのじん）
sagomon,サゴモン,2,滝の陣（たきのじん）
sagomon,サゴモン,3,月牙斬（げつがざん）
cyberdramon,サイバードラモン,1,イレイズクロー
gokuwmon,ゴクウモン,1,秘技・夢現影（ひぎ・むげんえい）
gokuwmon,ゴクウモン,2,疾風迅雷撃（しっぷうじんらいげき）
gokuwmon,ゴクウモン,3,超帯電雷光砲（ちょうたいでんらいこうほう）
gokuwmon,ゴクウモン,4,觔斗雲（きんとうん）
cerberumon,ケルベロモン,1,インフェルノゲート
cerberumon,ケルベロモン,2,ヘルファイアー
kumbhiramon,クンビラモン,1,クリミシャ
crescemon,クレシェモン,1,ルナティックダンス
crescemon,クレシェモン,2,アイスアーチェリー
crescemon,クレシェモン,3,ダークアーチェリー
grademon,グレイドモン,1,クロスブレード
grademon,グレイドモン,2,グレイドスラッシュ
grappuleomon,グラップレオモン,1,獅子獣波斬
grappuleomon,グラップレオモン,2,旋風タービン蹴り
groundramon,グラウンドラモン,1,スクラップレスクロー
groundramon,グラウンドラモン,2,メガトンハマークラッシュ
groundramon,グラウンドラモン,3,ギガクラック
giromon,ギロモン,1,デッドリーボム
captainhookmon,キャプテンフックモン,1,レイジギガアンカー
captainhookmon,キャプテンフックモン,2,パイレーツパニッシャー
captainhookmon,キャプテンフックモン,3,レッグリボルバー
cannonbeemon,キャノンビーモン,1,ニトロスティンガー
cannonbeemon,キャノンビーモン,2,スカイロケット∞（ムゲン）
catchmamemon,キャッチマメモン,1,マジックアーム
catchmamemon,キャッチマメモン,2,ミラクルボム
chimairamon,キメラモン,1,ヒート・バイパー
gigadramon,ギガドラモン,1,ジェノサイドギア
gigadramon,ギガドラモン,2,ギルティクロー
garudamon,ガルダモン,1,シャドーウィング
karatenmon,カラテンモン,1,悟り（さとり）
karatenmon,カラテンモン,2,衝撃羽（しょうげきは）
gerbemon,ガーベモン,1,ウンチバズーカ
orochimon,オロチモン,1,酒ブレス
orochimon,オロチモン,2,アメノムラクモ
okuwamon,オオクワモン,1,シザーアームズΩ
angewomon,エンジェウーモン,1,ホーリーアロー
angewomon,エンジェウーモン,2,ヘブンズチャーム
etemon,エテモン,1,ラブ・セレナーデ
etemon,エテモン,2,ダークスピリッツ
ex-tyranomon,エクスティラノモン,1,プリティーアタック
ex-tyranomon,エクスティラノモン,2,ブラックマター
earov-dramon,エアロブイドラモン,1,Ｖウィングブレード
earov-dramon,エアロブイドラモン,2,ドラゴンインパルス
volcdoramon,ヴォルクドラモン,1,ヴォルカニックフォーン
volcdoramon,ヴォルクドラモン,2,サークルオブデス
wingdramon,ウイングドラモン,1,ブレイズソニックブレス
wingdramon,ウイングドラモン,2,エクスプロードソニックランス
wingdramon,ウイングドラモン,3,ウイングブラスト
vikaralamon,ヴィカラーラモン,1,スーカラ
vamdemon,ヴァンデモン,1,ナイトレイド
vajramon,ヴァジラモン,1,ローダ
infermon,インフェルモン,1,ヘルズグレネード
infermon,インフェルモン,2,コクーンアタック
indaramon,インダラモン,1,アドームクハ
insekimon,インセキモン,1,コズモフラッシュ
andromon,アンドロモン,1,ガトリングミサイル
andromon,アンドロモン,2,スパイラルソード
andiramon,アンティラモン（デーヴァ）,1,アシパトラヴァナ
algomon-ultimate,アルゴモン,1,インプリズメント
algomon-ultimate,アルゴモン,2,エリミネイションライン
algomon-ultimate,アルゴモン,3,ワームフェイズ
archnemon,アルケニモン,1,スパイダースレッド
archnemon,アルケニモン,2,プレデーションスパイダー
anomalocarimon-x,アノマロカリモン（X抗体）,1,スティンガーサプライズ
anomalocarimon,アノマロカリモン,1,スティンガーサプライズ
atlurkabuterimon,アトラーカブテリモン（赤）,1,ホーンバスター
atlurkabuterimon-blue,アトラーカブテリモン（青）,1,ホーンバスター
astamon,アスタモン,1,ヘルファイア
astamon,アスタモン,2,マーヴェリック
asuramon,アシュラモン,1,阿修羅神拳（あしゅらしんけん）
aegiochusmon:blue,アイギオテュースモン：ブルー,1,ペネトレイザー
aegiochusmon:blue,アイギオテュースモン：ブルー,2,ウイングカッター
aegiochusmon:blue,アイギオテュースモン：ブルー,3,パワードイグニッション
aegiochusmon:dark,アイギオテュースモン：ダーク,1,トライアングラー
aegiochusmon:dark,アイギオテュースモン：ダーク,2,プラズマッドネス
aegiochusmon:dark,アイギオテュースモン：ダーク,3,デスディナー
aegiochusmon:green,アイギオテュースモン：グリーン,1,ブランブルバイト
aegiochusmon:green,アイギオテュースモン：グリーン,2,プラントゾーンクレイドル
aegiochusmon:green,アイギオテュースモン：グリーン,3,チャージングストライク
aegiochusmon,アイギオテュースモン,1,ボルトブレイクノックダウン
aegiochusmon,アイギオテュースモン,2,ライトニングパイル
aegiochusmon,アイギオテュースモン,3,チャージングストライク
waspmon,ワスプモン,1,ターボスティンガー
waspmon,ワスプモン,2,ベアバスター
reppamon,レッパモン,1,駆駆裂空斬（くるくるれっくうざん）
reppamon,レッパモン,2,獣牙乱撃（じゅうがらんげき）
reppamon,レッパモン,3,真空カマイタチ
redvegimon,レッドベジーモン,1,ハザードブレス
lekismon,レキスモン,1,ムーンナイトボム
lekismon,レキスモン,2,ティアーアロー
lekismon,レキスモン,3,ムーンナイトキック
leomon,レオモン,1,獣王拳
raremon,レアモン,1,ヘドロ
rukamon,ルカモン,1,シェイキングパルス
revolmon,リボルモン,1,ジャスティスブリット
raptordramon,ラプタードラモン,1,クラッシュチャージ
raptordramon,ラプタードラモン,2,アンブッシュクランチ
liamon,ライアモン,1,サンダーオブキング
liamon,ライアモン,2,クリティカルストライク
youkomon,ヨウコモン,1,焔玉（ほむらだま）
youkomon,ヨウコモン,2,邪炎龍（じゃえんりゅう)
yunimon,ユニモン,1,ホーリーショット
yukidarumon,ユキダルモン,1,絶対零度パンチ
monochromon,モノクロモン,1,ヴォルケーノストライク
mojyamon,モジャモン,1,アイスクルロッド
mojyamon,モジャモン,2,骨骨ブーメラン
meramon,メラモン,1,バーニングフィスト
mechanorimon,メカノリモン,1,ジャイロブレイク
mechanorimon,メカノリモン,2,トゥインクルビーム
musyamon,ムシャモン,1,切り捨て御免
minotaurmon,ミノタルモン,1,ダークサイドクェイク
mikemon,ミケモン,1,肉球パンチ
mikemon,ミケモン,2,ネコクロー
porcupamon,ポキュパモン,1,マッドネスブローチ
porcupamon,ポキュパモン,2,スラップアンドリップ
peckmon,ペックモン,1,スパイラルクロー
peckmon,ペックモン,2,苦無羽（くないばね）
peckmon,ペックモン,3,サウザンドビーク
vegimon,ベジーモン,1,ウンチ投げ
bladekuwagamon,ブレイドクワガーモン,1,スパークブレイド
bladekuwagamon,ブレイドクワガーモン,2,エアーナイフ
flarelizamon,フレアリザモン,1,フレイムヒット
flarelizamon,フレアリザモン,2,フレイムタワー
blimpmon,ブリンプモン,1,ヘリウムボム
blimpmon,ブリンプモン,2,ツェッペリンエクスプロージョン
blacktailmon,ブラックテイルモン,1,ネコパンチ
blackgrowmon,ブラックグラウモン,1,プラズマブレイド
blackgrowmon,ブラックグラウモン,2,エキゾーストフレイム
platinasukamon,プラチナスカモン,1,レアメタルウンチ
flymon,フライモン,1,デッドリースティング
hookmon,フックモン,1,キャプテンキャノン
boogiemon,ブギーモン,1,デスクラッシュ
fugamon,フーガモン,1,イビルハリケーン
v-dramon,ブイドラモン,1,ブイブレスアロー
fangmon,ファングモン,1,スナイプスティール
fangmon,ファングモン,2,ブラストコフィン
firamon,ファイラモン,1,フレイムダイブ
firamon,ファイラモン,2,ファイラクロー
firamon,ファイラモン,3,ファイラボム
hyougamon,ヒョーガモン,1,スノーパンチ
petermon,ピーターモン,1,スナイプスティング
petermon,ピーターモン,2,トゥインクルシュート
petermon,ピーターモン,3,ミッドナイトファンタジア
hanumon,ハヌモン,1,怒髪天（どはつてん）
bakemon,バケモン,1,ヘルズハンド
bakemon,バケモン,2,デスチャーム
baohuckmon,バオハックモン,1,フィフクロス
baohuckmon,バオハックモン,2,ティーンブレイド
baohuckmon,バオハックモン,3,バーンフレイム
baohuckmon,バオハックモン,4,ドラグレスパイカー
birdramon,バードラモン,1,メテオウィング
numemon,ヌメモン,1,ウンチ投げ
nisedrimogemon,ニセドリモゲモン,1,ニセドリルスピン
nanimon,ナニモン,1,ウンチ
nanimon,ナニモン,2,ウンチダンク
knightchessmon,ナイトチェスモン（白）,1,ビッグダーツ
knightchessmon,ナイトチェスモン（白）,2,ギャロップホール
knightchessmon,ナイトチェスモン（白）,3,ナイトランサー
knightchessmon_black,ナイトチェスモン（黒）,1,ビッグダーツ
knightchessmon_black,ナイトチェスモン（黒）,2,ギャロップホール
knightchessmon_black,ナイトチェスモン（黒）,3,ナイトランサー
dorugamon,ドルガモン,1,キャノンボール
dorugamon,ドルガモン,2,パワーメタル
drimogemon,ドリモゲモン,1,ドリルスピン
drimogemon,ドリモゲモン,2,クラッシャーボーン
tobucatmon,トブキャットモン,1,トブトブフェニックス
tobucatmon,トブキャットモン,2,グルグルファイト
dogmon,ドッグモン,1,ジステン・ハウリング
dogmon,ドッグモン,2,ウルトラかみつく
togemon,トゲモン,1,チクチクバンバン
dokugumon,ドクグモン,1,スティンガー・ポレーション
dobermon,ドーベルモン,1,グラオ・レルム
dobermon,ドーベルモン,2,シュヴァルツ・シュトラール
tortamon,トータモン,1,シェルファランクス
turuiemon,トゥルイエモン,1,巌兎烈斗（ガントレット）
deltamon,デルタモン,1,トリプレックスフォース
deltamon,デルタモン,2,スカルファング
devimon,デビモン,1,デスクロウ
devidramon,デビドラモン,1,クリムゾンネイル
death-x-dorugamon,デクスドルガモン,1,キャノンボール
death-x-dorugamon,デクスドルガモン,2,メタルキャスト
tailmon,テイルモン,1,ネコパンチ
tailmon,テイルモン,2,キャッツ・アイ
tyranomon,ティラノモン,1,ファイアーブレス
diatrymon,ディアトリモン,1,メガダッシュインパクト
diatrymon,ディアトリモン,2,デストラクションロアー
tuchidarumon,ツチダルモン,1,グレートウェイト
tankmon,タンクモン,1,ハイパーキャノン
darcmon,ダルクモン,1,ラ・ピュセル
darcmon,ダルクモン,2,バテーム・デ・アムール
tuskmon,タスクモン,1,パンツァーナックル
targetmon,ターゲットモン,1,電撃ハグハグスニーカー
targetmon,ターゲットモン,2,トンガリヘッド
targetmon,ターゲットモン,3,アンニャセレナーデ
darklizamon,ダークリザモン,1,ドレッドファイア
darktyranomon,ダークティラノモン,1,ファイアーブラスト
sorcerimon,ソーサリモン,1,クリスタルクラウド
soulmon,ソウルモン,1,ネクロマジック
saberdramon,セーバードラモン,1,ブラックセーバー
zubaeagermon,ズバイガーモン,1,Road T(w)o Decade
zubaeagermon,ズバイガーモン,2,ヴァンシオン
snimon,スナイモン,1,シャドウ・シックル
strikedramon,ストライクドラモン,1,ストライクファング
stingmon,スティングモン,1,スパイキングフィニッシュ
starmon,スターモン,1,メテオスコール
scumon,スカモン,1,ウンチ
junglemojamon,ジャングルモジャモン,1,ジャングルパンチ
shimaunimon,シマユニモン,1,ラスターショット
sistermonnoir,シスタモン ノワール,1,ミッキーバレット
sistermonnoir,シスタモン ノワール,2,ブレスファイア
sistermonnoir,シスタモン ノワール,3,グランドシスタークルス
geogreymon,ジオグレイモン,1,メガフレイム
geogreymon,ジオグレイモン,2,メガバースト
geogreymon,ジオグレイモン,3,ホーンインパルス
shellmon,シェルモン,1,ハイドロプレッシャー
shademon,シェイドモン,1,フリーデスフォール
shademon,シェイドモン,2,キルミー
sealsdramon,シールズドラモン,1,デスビハインド
sealsdramon,シールズドラモン,2,スカウターモノアイ
coelamon,シーラモン,1,ヴァリアブルダーツ
seadramon,シードラモン,1,アイスアロー
siesamon,シーサモン,1,石敢当（せっかんとう）
siesamon,シーサモン,2,ティーダ・イヤ
sunflowmon,サンフラウモン,1,サンシャインビーム
sunflowmon,サンフラウモン,2,スマイリービンタ
sunflowmon,サンフラウモン,3,カクタステイル
thunderballmon,サンダーボールモン,1,サンダーボール
sangloupmon,サングルゥモン,1,スティッカーブレイド
sangloupmon,サングルゥモン,2,ブラックマインド
zassoumon,ザッソーモン,1,スクイーズバイン
cyclomon,サイクロモン,1,ハイパーヒート
gorimon,ゴリモン,1,パワーアタック
gokimon,ゴキモン,1,ドリームダスト
golemon,ゴーレモン,1,カース・クリムゾン
golemon,ゴーレモン,2,ゴーレムパンチ
cockatrimon,コカトリモン,1,ペトラファイアー
kougamon,コウガモン,1,コウガ流影分身
coredramon_g,コアドラモン（緑）,1,グリーンフレアブレス
coredramon_g,コアドラモン（緑）,2,ストライクボマー
coredramon_g,コアドラモン（緑）,3,ジ・シュルネン-Ⅱ
coredramon_b,コアドラモン（青）,1,ブルーフレアブレス
coredramon_b,コアドラモン（青）,2,ストライクボマー
coredramon_b,コアドラモン（青）,3,ジ・シュルネン-Ⅱ
centalmon,ケンタルモン,1,ハンティングキャノン
geremon,ゲレモン,1,ハイパースメル
gesomon,ゲソモン,1,デビルバッシング
gesomon,ゲソモン,2,デッドリーシェード
kuwagamon,クワガーモン,1,シザーアームズ
clockmon,クロックモン,1,クロノブレーカー
greymon-first,グレイモン,1,メガフレイム
gururumon,グルルモン,1,カオスファイアー
gryzmon,グリズモン,1,当身返し
chrysalimon,クリサリモン,1,データクラッシャー
growmon,グラウモン,1,プラズマブレイド
growmon,グラウモン,2,エキゾーストフレイム
ginryumon,ギンリュウモン,1,棒陣破（ぼうじんは）
ginryumon,ギンリュウモン,2,徹甲刃（てっこうじん）
ginkakumon,ギンカクモン,1,鬼炎弾（きえんだん）
ginkakumon,ギンカクモン,2,逆撃炎弾（ぎゃくげきえんだん）
ginkakumon,ギンカクモン,3,銀角突貫（ぎんかくとっかん）
ginkakumon,ギンカクモン,4,金銀雷鳴撃（きんぎんらいめいげき）
kinkakumon,キンカクモン,1,鬼爆葬（きばくそう）
kinkakumon,キンカクモン,2,怒気怒鬼怒灸（ドキドキドキューン）
kinkakumon,キンカクモン,3,雷光鬼蹴（らいこうきしゅう）
kyubimon,キュウビモン,1,鬼火玉（おにびだま）
kyubimon,キュウビモン,2,狐炎龍（こえんりゅう）
kiwimon,キウイモン,1,リトルペッカ－
gawappamon,ガワッパモン,1,ＤＪシューター
gawappamon,ガワッパモン,2,ガワッパンチ
gawappamon,ガワッパモン,3,ガワッパラッパー
garurumon,ガルルモン,1,フォックスファイアー
galgomon,ガルゴモン,1,ガトリングアーム
galgomon,ガルゴモン,2,ダムダムアッパー
karatukinumemon,カラツキヌメモン,1,シェルズアタック
kabuterimon,カブテリモン,1,メガブラスター
guardromon,ガードロモン,1,ディストラクショングレネード
gaogamon,ガオガモン,1,ダッシュダブルクロー
gaogamon,ガオガモン,2,ガオガハウンド
gaogamon,ガオガモン,3,スパイラルブロー
omekamon,オメカモン,1,ラクガキロケット
omekamon,オメカモン,2,オメカキック
octmon,オクタモン,1,海鳴墨銃（かいめいぼくじゅう）
orgemon,オーガモン,1,覇王拳
angemon,エンジェモン,1,ヘブンズナックル
ebidramon,エビドラモン,1,ツインネプチューン
xv-mon,エクスブイモン,1,ストロングクランチ
xv-mon,エクスブイモン,2,エクスレイザー
airdramon,エアドラモン,1,スピニングニードル
woodmon,ウッドモン,1,ブランチドレイン
wendimon,ウェンディモン,1,デストロイドボイス
wendimon,ウェンディモン,2,クラブアーム
witchmon,ウィッチモン,1,バルルーナゲイル
witchmon,ウィッチモン,2,アクエリープレッシャー
wizarmon,ウィザーモン,1,サンダークラウド
evilmon,イビルモン,1,ナイトメアショック
ikkakumon,イッカクモン,1,ハープーンバルカン
igamon,イガモン,1,イガ流手裏剣投げ
ankylomon,アンキロモン,1,メガトンプレス
ankylomon,アンキロモン,2,テイルハンマー
aquilamon,アクィラモン,1,グライドホーン
aquilamon,アクィラモン,2,ブラストレーザー
akatorimon,アカトリモン,1,スカーレッドアイ
icemon,アイスモン,1,アイスボールボム
aegiomon,アイギオモン,1,アトラクトエコー
aegiomon,アイギオモン,2,アイアントラスト
aegiomon,アイギオモン,3,スタンビートブロウ
wormmon,ワームモン,1,ネバネバネット
wormmon,ワームモン,2,シルクスレッド
lopmon,ロップモン,1,プチツイスター
lopmon,ロップモン,2,ダブルタイフーン
lopmon,ロップモン,3,ブレイジングアイス
renamon,レナモン,1,狐変虚（こへんきょ）
renamon,レナモン,2,狐葉楔（こようせつ）
liollmon,レオルモン,1,レオクロー
liollmon,レオルモン,2,クリティカルバイト
lunamon,ルナモン,1,ルナクロー
lunamon,ルナモン,2,ティアーシュート
lunamon,ルナモン,3,ロップイヤーリップル
lucemon,ルーチェモン,1,グランドクロス
ryudamon,リュウダモン,1,兜返し
ryudamon,リュウダモン,2,居合刃（いあいじん）
lalamon,ララモン,1,ナッツシュート
lalamon,ララモン,2,ララスクリュー
lalamon,ララモン,3,シング・ア・ソング
labramon,ラブラモン,1,キュアーリキュール
labramon,ラブラモン,2,レトリバーク
yukiagumon,ユキアグモン,1,リトルブリザード
monodramon,モノドラモン,1,クラックバイト
muchomon,ムーチョモン,1,トロピカルビーク
mushmon,マッシュモン,1,ポイズン・ス・マッシュ
bokomon,ボコモン,1,逃げ足猛ダッシュ
paunchessmon-white,ポーンチェスモン（白）,1,ポーンスピアー
paunchessmon-white,ポーンチェスモン（白）,2,ポーンバックラー
paunchessmon-white,ポーンチェスモン（白）,3,ピラミッドフォーメーション
paunchessmon,ポーンチェスモン（黒）,1,ポーンスピアー
paunchessmon,ポーンチェスモン（黒）,2,ポーンバックラー
paunchessmon,ポーンチェスモン（黒）,3,ピラミッドフォーメーション
hawkmon,ホークモン,1,ビークペッカー
hawkmon,ホークモン,2,フェザースラッシュ
penmon,ペンモン,1,無限ビンタ
betamon,ベタモン,1,電撃ビリリン
bearmon,ベアモン,1,小熊正拳突き
plotmon,プロットモン,1,パピーハウリング
floramon,フローラモン,1,アレルギーシャワー
v-mon,ブイモン,1,ブンブンパンチ
v-mon,ブイモン,2,ブイモンヘッド
funbeemon,ファンビーモン,1,ギアスティンガー
funbeemon,ファンビーモン,2,８８コール（ハチハチコール）
falcomon,ファルコモン,1,スクラッチスマッシュ
falcomon,ファルコモン,2,ファルコラッシュ
phascomon,ファスコモン,1,エビルスノア
phascomon,ファスコモン,2,ユーカリクロー
piyomon,ピヨモン,1,マジカルファイアー
picodevimon,ピコデビモン,1,ピコダーツ
palmon,パルモン,1,ポイズンアイビー
huckmon,ハックモン,1,フィフスラッシュ
huckmon,ハックモン,2,ティーンラム
huckmon,ハックモン,3,ベビーフレイム
patamon,パタモン,1,エアショット
patamon,パタモン,2,ハネビンタ
hagurumon,ハグルモン,1,ダークネスギア
bakumon,バクモン,1,ナイトメアシンドローム
neamon,ネーモン,1,逃げ足ダッシュ
neamon,ネーモン,2,たぬきねいり
niseagumonhakase,ニセアグモン博士,1,ニセハカセボウ
niseagumonhakase,ニセアグモン博士,2,ニセハカセボー
dorumon,ドルモン,1,ダッシュメタル
dorumon,ドルモン,2,メタルキャノン
dracomon,ドラコモン,1,ベビーブレス
dracomon,ドラコモン,2,テイルスマッシュ
dracomon,ドラコモン,3,ジ・シュルネン
dracumon,ドラクモン,1,アイオブナイトメア
dracumon,ドラクモン,2,アンデッドファング
toyagumon,トイアグモン,1,トイフレイム
tentomon,テントモン,1,プチサンダー
terriermon,テリアモン,1,プチツイスター
terriermon,テリアモン,2,ブレイジングファイア
terriermon,テリアモン,3,ダブルタイフーン
tinkermon,ティンカーモン,1,スピードナイトメア
tinkermon,ティンカーモン,2,ナイトメアパンデミック
tinkermon,ティンカーモン,3,フェアリーパウダー
tinkermon,ティンカーモン,4,ピーターモンシンドローム
tukaimon,ツカイモン,1,バッドメッセージ
tyumon,チューモン,1,チーズ爆弾（ボム）
solarmon,ソーラーモン,1,シャイニーリング
zubamon,ズバモン,1,トゥエンティダイブ
snowgoburimon,スノーゴブリモン,1,スノーゴブボルト
swimmon,スイムモン,1,スラッシュフィン
swimmon,スイムモン,2,ブラインピストル
shakomon,シャコモン,1,ブラックパール
shakomon,シャコモン,2,ウォータースクリュー
shamamon,シャーマモン,1,シャーマハンマー
sistermonblanc,シスタモン ブラン,1,ディバインピース
sistermonblanc,シスタモン ブラン,2,プロテクトウェーブ
sistermonblanc,シスタモン ブラン,3,グランドシスタークルス
psychemon,サイケモン,1,カワフルスパーク
psychemon,サイケモン,2,ハデハデホーン
psychemon,サイケモン,3,原色の舞い
coronamon,コロナモン,1,コロナックル
coronamon,コロナモン,2,コロナフレイム
coronamon,コロナモン,3,プチプロミネンス
commandramon,コマンドラモン,1,Ｍ１６アサシン
commandramon,コマンドラモン,2,ＤＣＤボム
gomamon,ゴマモン,1,マーチングフィッシィーズ
goburimon,ゴブリモン,1,ゴブリストライク
kotemon,コテモン,1,サンダーコテ
kotemon,コテモン,2,ファイヤーメン
gottsumon,ゴツモン,1,アングリーロック
kokuwamon,コクワモン,1,シザーアームズミニ
kokabuterimon,コカブテリモン,1,スクープスマッシュ
kokabuterimon,コカブテリモン,2,ビートルラリアット
koemon,コエモン,1,ミスチバスフープ
koemon,コエモン,2,ベビースリング
keramon,ケラモン,1,クレイジーギグル
kunemon,クネモン,1,エレクトリックスレッド
kudamon,クダモン,1,弾丸旋風（だんがんせんぷう）
kudamon,クダモン,2,絶光衝（ぜっこうしょう）
guilmon,ギルモン,1,ロックブレイカー
guilmon,ギルモン,2,ファイアーボール
candmon,キャンドモン,1,ボンファイア
gizamon,ギザモン,1,スパイラルエッジ
kamemon,カメモン,1,ポインタ・アロー
kamemon,カメモン,2,メットタックル
kamemon,カメモン,3,コーラガード
gabumon,ガブモン,1,プチファイアー
ganimon,ガニモン,1,シザーズエクスキューション
gazimon,ガジモン,1,パラライズブレス
gaomon,ガオモン,1,ローリングアッパー
gaomon,ガオモン,2,ダブルバックハンド
gaomon,ガオモン,3,ガオラッシュ
otamamon-red,オタマモン（赤）,1,ボイルドバブル
otamamon,オタマモン,1,ララバイバブル
elecmon-violet,エレキモン（紫）,1,ジャミングサンダー
elecmon,エレキモン,1,スパークリングサンダー
ebiburgamon,エビバーガモン,1,フレッシュシュリンプ
ebiburgamon,エビバーガモン,2,ホットカツレツ
impmon,インプモン,1,サモン
impmon,インプモン,2,ナイト・オブ・ファイアー
alraumon,アルラウモン,1,ネメシスアイビー
armadimon,アルマジモン,1,スクラッチビート
armadimon,アルマジモン,2,ローリングストーン
arkadimon,アルカディモン,1,ソウルアブソープション
arkadimon,アルカディモン,2,イレイズシックル
agumonhakase,アグモン博士,1,ハカセボウ
agumonhakase,アグモン博士,2,ハカセボー
agumon-black,アグモン（黒）,1,ベビーフレイム
agumon-2006,アグモン（２００６アニメ版）,1,ベビーフレイム
agumon-2006,アグモン（２００６アニメ版）,2,ベビーバーナー
agumon,アグモン,1,ベビーフレイム
wanyamon,ワニャモン,1,スマイルファング
mochimon,モチモン,1,伸縮性のある泡
minomon,ミノモン,1,パインコーン
missimon,ミサイモン,1,ミサイルクラッシュ
poromon,ポロモン,1,ポロロブリーズ
pokomon,ポコモン,1,殺生石
babydmon,ベビドモン,1,ホットガス
puroromon,プロロモン,1,チックリット
frimon,フリモン,1,シッポビンタ
petimeramon,プチメラモン,1,小さな火炎弾
pukamon,プカモン,1,空気の泡
pyocomon,ピョコモン,1,シャボンフラワー
pinamon,ピナモン,1,ピリピリスパーク
budmon,バドモン,1,ドクトゲトゲ
pagumon,パグモン,1,毒の泡
nyaromon,ニャロモン,1,フォックステイル
dorimon,ドリモン,1,メタルドロップ
tokomon,トコモン,1,噛み付き
tsumemon,ツメモン,1,ネイルスクラッチ
tunomon,ツノモン,1,酸の泡
chocomon,チョコモン,1,ダブルボブル
chapmon,チャップモン,1,フォームシャワー
chibimon,チビモン,1,ホップアタック
tanemon,タネモン,1,粘着性の泡
xiaomon,シャオモン,1,ツゥーモ
sakuttomon,サクットモン,1,サクサク
koromon,コロモン,1,泡
gummymon,グミモン,1,ダブルボブル
kyokyomon,キョキョモン,1,メタルストロー
cupimon,キュピモン,1,エンジェルリング
kyaromon,キャロモン,1,しっぽスイング
gigimon,ギギモン,1,ホットバイト
capromon,カプリモン,1,ハウリングヘルツ
upamon,ウパモン,1,ショックシャウト
relemon,レレモン,1,変身
leafmon,リーフモン,1,酸の泡
yuramon,ユラモン,1,粘着性の泡
yukimibotamon,ユキミボタモン,1,ダイアモンドダスト
mokumon,モクモン,1,スモーク
poyomon,ポヨモン,1,酸の泡
bommon,ボムモン,1,バチバチバッチン
popomon,ポポモン,1,ヘアミスト
botamon,ボタモン,1,酸の泡
puwamon,プワモン,1,フワーフェザー
pururumon,プルルモン,1,酸の泡
pupumon,ププモン,1,毒の泡
fufumon,フフモン,1,小さな鉄のトゲ
punimon,プニモン,1,酸の泡
puttimon,プットモン,1,エンジェルダスト
petitmon,プチモン,1,熱い吐息
pitchmon,ピチモン,1,シャボンの泡
pafumon,パフモン,1,パフバルーン
bubbmon,バブモン,1,粘着性の泡
paomon,パオモン,1,酸の泡
nyokimon,ニョキモン,1,シードクラッカー
dodomon,ドドモン,1,小さな鉄粒
tsubumon,ツブモン,1,酸の泡
choromon,チョロモン,1,ジャミングパウダー
chicomon,チコモン,1,酸の泡
zerimon,ゼリモン,1,酸の泡
zurumon,ズルモン,1,毒の泡
jyarimon,ジャリモン,1,熱気を帯びた泡
sakumon,サクモン,1,サックリ
cocomon,ココモン,1,酸の泡
kuramon,クラモン,1,グレアーアイ
